--
-- Insert data to table `branch_tbl`
--
insert into branch_tbl (branch_name, branch_code, branch_phone, province_id, district_id, ward_id, street, updated_by,
                        created_by,
                        updated_date, created_date, deleted_flag)
values ('CH Nguyễn Huệ', 'VN00001', '+842822007476', 1, 10, 129, '47 Đường Nguyễn Huệ', 1, 1, '2020-01-01 00:00:00',
        '2020-01-01 00:00:00', false),
       ('CH Nguyễn Trãi', 'VN00002', '+842839254368', 1, 10, 130, '98 Nguyễn Trãi', 1, 1, '2020-01-01 00:00:00',
        '2020-01-01 00:00:00', false),
       ('CHTT Tháp Mười', 'VN00003', '+842839505536', 1, 18, 242, '56-58-60-62 Tháp Mười', 1, 1, '2020-01-01 00:00:00',
        '2020-01-01 00:00:00', false),
       ('CHTT Bà Chiểu', 'VN00004', '+842838434354', 1, 3, 27, '01 Hồng Bàng', 1, 1, '2020-01-01 00:00:00',
        '2020-01-01 00:00:00', false),
       ('CHTT Quang Trung', 'VN00005', '+842839893252', 1, 6, 79, '642 Quang Trung', 1, 1, '2020-01-01 00:00:00',
        '2020-01-01 00:00:00', false),
       ('CHTT Phạm Hùng', 'VN00006', '+842836362322', 1, 1, 3, 'C5/20 Phạm Hùng', 1, 1, '2020-01-01 00:00:00',
        '2020-01-01 00:00:00', false),
       ('CH Hai Bà Trưng', 'VN00007', '+842439386698', 2, 37, 568, '68 Hai Bà Trưng', 1, 1, '2020-01-01 00:00:00',
        '2020-01-01 00:00:00', false),
       ('CH Chùa Bộc', 'VN00008', '+842438528635', 2, 32, 482, '25 Chùa Bộc', 1, 1, '2020-01-01 00:00:00',
        '2020-01-01 00:00:00', false),
       ('CH Cầu Giấy', 'VN00009', '+842432121891', 2, 28, 385, '352 Cầu Giấy', 1, 1, '2020-01-01 00:00:00',
        '2020-01-01 00:00:00', false),
       ('CHTT Bạch Mai', 'VN00010', '+842436277185', 2, 35, 528, '271 Bạch Mai', 1, 1, '2020-01-01 00:00:00',
        '2020-01-01 00:00:00', false),
       ('CHTT Đội Cấn', 'VN00011', '+842462591779', 2, 25, 329, '206 Đội Cấn', 1, 1, '2020-01-01 00:00:00',
        '2020-01-01 00:00:00', false),
       ('CHTT Xã Đàn', 'VN00012', '+842462533935', 2, 32, 476, '73 Xã Đàn', 1, 1, '2020-01-01 00:00:00',
        '2020-01-01 00:00:00', false),
       ('CHTT Đường Láng', 'VN00013', '+842466586526', 2, 32, 471, '416B Đường Láng', 1, 1, '2020-01-01 00:00:00',
        '2020-01-01 00:00:00', false),
       ('CHTT Tôn Đức Thắng', 'VN00014', '+842466616483', 2, 32, 467, '153 Tôn Đức Thắng', 1, 1, '2020-01-01 00:00:00',
        '2020-01-01 00:00:00', false),
       ('CHTT Hà Huy Tập', 'VN00015', '+842466509097', 2, 33, 507, '91 Hà Huy Tập', 1, 1, '2020-01-01 00:00:00',
        '2020-01-01 00:00:00', false);

--
-- Insert data to table `role_tbl`
--
insert into role_tbl (role_name, role_code, description, branch_id, updated_by, created_by,
                      updated_date, created_date, deleted_flag)
values ('Admin System', 'root',
        'This is the highest role of the system, created when the system initialized, can not be edited or deleted.',
        null, 1, 1, '2020-01-01 00:00:00', '2020-01-01 00:00:00', false),
       ('Normal', 'normal',
        'This is the lowest role of the system, created when the system initialized, can not be edited or deleted.',
        null, 1, 1, '2020-01-01 00:00:00', '2020-01-01 00:00:00', false),
       ('Admin branch', 'branch.admin', 'This is the highest role of the branch.', null, 1, 1, '2020-01-01 00:00:00',
        '2020-01-01 00:00:00', false);


--
-- Insert data to table `user_tbl`
--
insert into user_tbl(user_name, password, full_name, sex, birth_date, avatar, email, phone, province_id,
                     district_id, ward_id, street, lock_flag, branch_id, updated_by, created_by, updated_date,
                     created_date, deleted_flag)
values ('root', '$2a$10$DVdKtQPt6gByXrXZNtMU8.7g5LL.TpLXno72T7NY03zzLt6382iLG', 'Đoàn Hải', 1, '1995-01-02',
        '/avatar/default.jpg', 'doanhai8080@gmail.com', '+84982445665', 2, 35, 535,
        '201 Giải Phóng', false, null, 1, 1, '2020-01-01 00:00:00', '2020-01-01 00:00:00', false),
       ('namdq', '$2a$10$DVdKtQPt6gByXrXZNtMU8.7g5LL.TpLXno72T7NY03zzLt6382iLG', 'Đỗ Nam', 1, '1995-01-02',
        '/avatar/default.jpg', 'namdq@gmail.com', '+84934576890', 2, 35, 535,
        '201 Giải Phóng', false, null, 1, 1, '2020-01-01 00:00:00', '2020-01-01 00:00:00', false);

--
-- Insert data to table `permission_tbl`
--
insert into permission_tbl (id, permission_name, parent_id, url, component, component_name, redirect, menu_type, perms,
                            perms_type, sort_no, always_show, icon, is_route, is_leaf, keep_alive, hidden, description,
                            rule_flag, status, internal_or_external, updated_by, created_by, updated_date, created_date,
                            deleted_flag)
values (1, 'Home', null, '/dashboard/analysis', 'dashboard/Analysis', null, null, 0, null, null, 1.00, false, 'home',
        true, true, null, false, null, false, null, null, 1, 1, '2020-01-01 00:00:00', '2020-01-01 00:00:00', false),
       (2, 'System', null, '/system', 'layouts/RouteView', null, null, 0, null, null, 2.00, false, 'setting',
        true, false, null, false, null, false, null, null, 1, 1, '2020-01-01 00:00:00', '2020-01-01 00:00:00', false),
       (3, 'Partners', null, '/partner', 'layouts/RouteView', null, null, 0, null, null, 3.00, false, 'api', true,
        false, null, false, null, false, null, null, 1, 1, '2020-01-01 00:00:00', '2020-01-01 00:00:00', false),
       (4, 'Products', null, '/product', 'layouts/RouteView', null, null, 0, null, null, 4.00, false, 'skin',
        true, false, null, false, null, false, null, null, 1, 1, '2020-01-01 00:00:00', '2020-01-01 00:00:00', false),
       (5, 'Sales', null, '/sales', 'layouts/RouteView', null, null, 0, null, null, 5.00, false, 'solution',
        true, false, null, false, null, false, null, null, 1, 1, '2020-01-01 00:00:00', '2020-01-01 00:00:00', false),
       (6, 'Campaigns', null, '/campaigns', 'layouts/RouteView', null, null, 0, null, null, 6.00, false, 'gift',
        true, false, null, false, null, false, null, null, 1, 1, '2020-01-01 00:00:00', '2020-01-01 00:00:00', false),
       (7, 'Reports', null, '/reports', 'layouts/RouteView', null, null, 0, null, null, 7.00, false, 'file',
        true, false, null, false, null, false, null, null, 1, 1, '2020-01-01 00:00:00', '2020-01-01 00:00:00', false),
       (8, 'Profile', null, '/profile', 'layouts/RouteView', null, null, 0, null, null, 8.00, false, 'profile',
        true, false, null, false, null, false, null, null, 1, 1, '2020-01-01 00:00:00', '2020-01-01 00:00:00', false),
       (20, 'Role', 2, '/system/role', 'system/RoleList', null, null, 1, null, null, 3.00, false, 'security-scan', true,
        false, null, false, null, false, null, null, 1, 1, '2020-01-01 00:00:00', '2020-01-01 00:00:00', false),
       (2000, 'Create role', 20, null, null, null, null, 2, 'role:create', '1', 1.00, false, null, false, true, null,
        false, null, false, true, null, 1, 1, '2020-01-01 00:00:00', '2020-01-01 00:00:00', false),
       (2001, 'Update role', 20, null, null, null, null, 2, 'role:update', '1', 2.00, false, null, false, true, null,
        false, null, false, true, null, 1, 1, '2020-01-01 00:00:00', '2020-01-01 00:00:00', false),
       (2002, 'Delete role', 20, null, null, null, null, 2, 'role:delete', '1', 3.00, false, null, false, true, null,
        false, null, false, true, null, 1, 1, '2020-01-01 00:00:00', '2020-01-01 00:00:00', false),
       (2003, 'Read role', 20, null, null, null, null, 2, 'role:read', '1', 4.00, false, null, false, true, null,
        false, null, false, true, null, 1, 1, '2020-01-01 00:00:00', '2020-01-01 00:00:00', false),
       (2004, 'Export role', 20, null, null, null, null, 2, 'role:export', '1', 5.00, false, null, false, true, null,
        false, null, false, true, null, 1, 1, '2020-01-01 00:00:00', '2020-01-01 00:00:00', false),
       (2005, 'Import role', 20, null, null, null, null, 2, 'role:import', '1', 6.00, false, null, false, true, null,
        false, null, false, true, null, 1, 1, '2020-01-01 00:00:00', '2020-01-01 00:00:00', false),
       (2006, 'Authorize role', 20, null, null, null, null, 2, 'role:permission:update', '1', 7.00, false, null, false,
        true, null, false, null, false, true, null, 1, 1, '2020-01-01 00:00:00', '2020-01-01 00:00:00', false),
       (21, 'User', 2, '/system/user', 'system/UserList', null, null, 1, null, null, 4.00, false, 'user',
        true, false, null, false, null, false, null, null, 1, 1, '2020-01-01 00:00:00', '2020-01-01 00:00:00', false),
       (2100, 'Create user', 21, null, null, null, null, 2, 'user:create', '1', 1.00, false, null, false, true, null,
        false, null, false, true, null, 1, 1, '2020-01-01 00:00:00', '2020-01-01 00:00:00', false),
       (2101, 'Update user', 21, null, null, null, null, 2, 'user:update', '1', 2.00, false, null, false, true, null,
        false, null, false, true, null, 1, 1, '2020-01-01 00:00:00', '2020-01-01 00:00:00', false),
       (2102, 'Delete user', 21, null, null, null, null, 2, 'user:delete', '1', 3.00, false, null, false, true, null,
        false, null, false, true, null, 1, 1, '2020-01-01 00:00:00', '2020-01-01 00:00:00', false),
       (2103, 'Read user', 21, null, null, null, null, 2, 'user:read', '1', 4.00, false, null, false, false, null,
        false, null, false, true, null, 1, 1, '2020-01-01 00:00:00', '2020-01-01 00:00:00', false),
       (2104, 'Export user', 21, null, null, null, null, 2, 'user:export', '1', 5.00, false, null, false, true, null,
        false, null, false, true, null, 1, 1, '2020-01-01 00:00:00', '2020-01-01 00:00:00', false),
       (2105, 'Import user', 21, null, null, null, null, 2, 'user:import', '1', 6.00, false, null, false, true, null,
        false, null, false, true, null, 1, 1, '2020-01-01 00:00:00', '2020-01-01 00:00:00', false),
       (22, 'Branch', 2, '/system/branch', 'system/BranchList', null, null, 1, null, '1', 6.00, false, 'branches', true,
        false, false, false, null, false, null, false, 1, 1, '2020-01-01 00:00:00', '2020-01-01 00:00:00', false),
       (2200, 'Create branch', 22, null, null, null, null, 2, 'branch:create', '1', 1.00, false, null, false,
        true, null, false, null, false, true, null, 1, 1, '2020-01-01 00:00:00', '2020-01-01 00:00:00', false),
       (2201, 'Update branch', 22, null, null, null, null, 2, 'branch:update', '1', 2.00, false, null, false, true,
        null, false, null, false, true, null, 1, 1, '2020-01-01 00:00:00', '2020-01-01 00:00:00', false),
       (2202, 'Delete branch', 22, null, null, null, null, 2, 'branch:delete', '1', 3.00, false, null, false, true,
        null, false, null, false, true, null, 1, 1, '2020-01-01 00:00:00', '2020-01-01 00:00:00', false),
       (2203, 'Read branch', 22, null, null, null, null, 2, 'branch:read', '1', 4.00, false, null, false, true, null,
        false, null, false, true, null, 1, 1, '2020-01-01 00:00:00', '2020-01-01 00:00:00', false),
       (2204, 'Export branch', 22, null, null, null, null, 2, 'branch:export', '1', 5.00, false, null, false, true,
        null, false, null, false, true, null, 1, 1, '2020-01-01 00:00:00', '2020-01-01 00:00:00', false),
       (2205, 'Import branch', 22, null, null, null, null, 2, 'branch:import', '1', 6.00, false, null, false, true,
        null, false, null, false, true, null, 1, 1, '2020-01-01 00:00:00', '2020-01-01 00:00:00', false),
       (31, 'Customer', 3, '/partner/customer', 'partner/CustomerList', null, null, 1, null, '1', 1.00, false, 'user',
        true, false, false, false, null, false, null, false, 1, 1, '2020-01-01 00:00:00', '2020-01-01 00:00:00', false),
       (3100, 'Create customer', 31, null, null, null, null, 2, 'customer:create', '1', 1.00, false, null, false,
        true, null, false, null, false, true, null, 1, 1, '2020-01-01 00:00:00', '2020-01-01 00:00:00', false),
       (3101, 'Update customer', 31, null, null, null, null, 2, 'customer:update', '1', 2.00, false, null, false, true,
        null, false, null, false, true, null, 1, 1, '2020-01-01 00:00:00', '2020-01-01 00:00:00', false),
       (3102, 'Delete customer', 31, null, null, null, null, 2, 'customer:delete', '1', 3.00, false, null, false, true,
        null, false, null, false, true, null, 1, 1, '2020-01-01 00:00:00', '2020-01-01 00:00:00', false),
       (3103, 'Read customer', 31, null, null, null, null, 2, 'customer:read', '1', 4.00, false, null, false, true,
        null, false, null, false, true, null, 1, 1, '2020-01-01 00:00:00', '2020-01-01 00:00:00', false),
       (3104, 'Export customer', 31, null, null, null, null, 2, 'customer:export', '1', 5.00, false, null, false, true,
        null, false, null, false, true, null, 1, 1, '2020-01-01 00:00:00', '2020-01-01 00:00:00', false),
       (3105, 'Import customer', 31, null, null, null, null, 2, 'customer:import', '1', 6.00, false, null, false, true,
        null, false, null, false, true, null, 1, 1, '2020-01-01 00:00:00', '2020-01-01 00:00:00', false),
       (41, 'Category', 4, '/product/categories', 'product/CategoryList', null, null, 1, null, '1', 1.00, false,
        'book', true, false, false, false, null, false, null, false, 1, 1, '2020-01-01 00:00:00',
        '2020-01-01 00:00:00', false),
       (4100, 'Create category', 41, null, null, null, null, 2, 'category:create', '1', 1.00, false, null, false,
        true, null, false, null, false, true, null, 1, 1, '2020-01-01 00:00:00', '2020-01-01 00:00:00', false),
       (4101, 'Update category', 41, null, null, null, null, 2, 'category:update', '1', 2.00, false, null, false, true,
        null, false, null, false, true, null, 1, 1, '2020-01-01 00:00:00', '2020-01-01 00:00:00', false),
       (4102, 'Delete category', 41, null, null, null, null, 2, 'category:delete', '1', 3.00, false, null, false, true,
        null, false, null, false, true, null, 1, 1, '2020-01-01 00:00:00', '2020-01-01 00:00:00', false),
       (4103, 'Read category', 41, null, null, null, null, 2, 'category:read', '1', 4.00, false, null, false, true,
        null, false, null, false, true, null, 1, 1, '2020-01-01 00:00:00', '2020-01-01 00:00:00', false),
       (42, 'General', 4, '/product/general', 'product/GeneralList', null, null, 1, null, '1', 2.00, false, 'appstore',
        true, false, false, false, null, false, null, false, 1, 1, '2020-01-01 00:00:00', '2020-01-01 00:00:00', false),
       (4200, 'Create size', 42, null, null, null, null, 2, 'size:create', '1', 1.00, false, null, false,
        true, null, false, null, false, true, null, 1, 1, '2020-01-01 00:00:00', '2020-01-01 00:00:00', false),
       (4201, 'Update size', 42, null, null, null, null, 2, 'size:update', '1', 2.00, false, null, false, true,
        null, false, null, false, true, null, 1, 1, '2020-01-01 00:00:00', '2020-01-01 00:00:00', false),
       (4202, 'Delete size', 42, null, null, null, null, 2, 'size:delete', '1', 3.00, false, null, false, true,
        null, false, null, false, true, null, 1, 1, '2020-01-01 00:00:00', '2020-01-01 00:00:00', false),
       (4203, 'Read size', 42, null, null, null, null, 2, 'size:read', '1', 4.00, false, null, false, true,
        null, false, null, false, true, null, 1, 1, '2020-01-01 00:00:00', '2020-01-01 00:00:00', false),
       (4204, 'Create color', 42, null, null, null, null, 2, 'color:create', '1', 5.00, false, null, false,
        true, null, false, null, false, true, null, 1, 1, '2020-01-01 00:00:00', '2020-01-01 00:00:00', false),
       (4205, 'Update color', 42, null, null, null, null, 2, 'color:update', '1', 6.00, false, null, false, true,
        null, false, null, false, true, null, 1, 1, '2020-01-01 00:00:00', '2020-01-01 00:00:00', false),
       (4206, 'Delete color', 42, null, null, null, null, 2, 'color:delete', '1', 7.00, false, null, false, true,
        null, false, null, false, true, null, 1, 1, '2020-01-01 00:00:00', '2020-01-01 00:00:00', false),
       (4207, 'Read color', 42, null, null, null, null, 2, 'color:read', '1', 8.00, false, null, false, true,
        null, false, null, false, true, null, 1, 1, '2020-01-01 00:00:00', '2020-01-01 00:00:00', false),
       (43, 'Receipt', 4, '/product/receipt', 'product/ReceiptList', null, null, 1, null, '1', 3.00, false, 'tag',
        true, false, false, false, null, false, null, false, 1, 1, '2020-01-01 00:00:00', '2020-01-01 00:00:00', false),
       (4300, 'Create receipt', 43, null, null, null, null, 2, 'receipt:create', '1', 1.00, false, null, false,
        true, null, false, null, false, true, null, 1, 1, '2020-01-01 00:00:00', '2020-01-01 00:00:00', false),
       (4301, 'Update receipt', 43, null, null, null, null, 2, 'receipt:update', '1', 2.00, false, null, false, true,
        null, false, null, false, true, null, 1, 1, '2020-01-01 00:00:00', '2020-01-01 00:00:00', false),
       (4302, 'Delete receipt', 43, null, null, null, null, 2, 'receipt:delete', '1', 3.00, false, null, false, true,
        null, false, null, false, true, null, 1, 1, '2020-01-01 00:00:00', '2020-01-01 00:00:00', false),
       (4303, 'Read receipt', 43, null, null, null, null, 2, 'receipt:read', '1', 4.00, false, null, false, true,
        null, false, null, false, true, null, 1, 1, '2020-01-01 00:00:00', '2020-01-01 00:00:00', false),
       (44, 'Product', 4, '/product/items', 'product/ProductList', null, null, 1, null, '1', 3.00, false, 'skin',
        true, false, false, false, null, false, null, false, 1, 1, '2020-01-01 00:00:00', '2020-01-01 00:00:00', false),
       (4400, 'Create items', 44, null, null, null, null, 2, 'items:create', '1', 1.00, false, null, false,
        true, null, false, null, false, true, null, 1, 1, '2020-01-01 00:00:00', '2020-01-01 00:00:00', false),
       (4401, 'Update items', 44, null, null, null, null, 2, 'items:update', '1', 2.00, false, null, false, true,
        null, false, null, false, true, null, 1, 1, '2020-01-01 00:00:00', '2020-01-01 00:00:00', false),
       (4402, 'Delete items', 44, null, null, null, null, 2, 'items:delete', '1', 3.00, false, null, false, true,
        null, false, null, false, true, null, 1, 1, '2020-01-01 00:00:00', '2020-01-01 00:00:00', false),
       (4403, 'Read items', 44, null, null, null, null, 2, 'items:read', '1', 4.00, false, null, false, true,
        null, false, null, false, true, null, 1, 1, '2020-01-01 00:00:00', '2020-01-01 00:00:00', false),
       (51, 'Tax', 5, '/sale/tax', 'sale/TaxList', null, null, 1, null, '1', 1.00, false, 'flag', true, false, false,
        false, null, false, null, false, 1, 1, '2020-01-01 00:00:00', '2020-01-01 00:00:00', false),
       (5100, 'Create tax', 51, null, null, null, null, 2, 'tax:create', '1', 1.00, false, null, false,
        true, null, false, null, false, true, null, 1, 1, '2020-01-01 00:00:00', '2020-01-01 00:00:00', false),
       (5101, 'Update tax', 51, null, null, null, null, 2, 'tax:update', '1', 2.00, false, null, false, true,
        null, false, null, false, true, null, 1, 1, '2020-01-01 00:00:00', '2020-01-01 00:00:00', false),
       (5102, 'Delete tax', 51, null, null, null, null, 2, 'tax:delete', '1', 3.00, false, null, false, true,
        null, false, null, false, true, null, 1, 1, '2020-01-01 00:00:00', '2020-01-01 00:00:00', false),
       (5103, 'Read tax', 51, null, null, null, null, 2, 'tax:read', '1', 4.00, false, null, false, true,
        null, false, null, false, true, null, 1, 1, '2020-01-01 00:00:00', '2020-01-01 00:00:00', false),
       (52, 'Payment', 5, '/sale/payment', 'sale/PaymentList', null, null, 1, null, '1', 1.00, false, 'credit-card',
        true, false, false, false, null, false, null, false, 1, 1, '2020-01-01 00:00:00', '2020-01-01 00:00:00', false),
       (5200, 'Create payment', 52, null, null, null, null, 2, 'payment:create', '1', 1.00, false, null, false,
        true, null, false, null, false, true, null, 1, 1, '2020-01-01 00:00:00', '2020-01-01 00:00:00', false),
       (5201, 'Update payment', 52, null, null, null, null, 2, 'payment:update', '1', 2.00, false, null, false, true,
        null, false, null, false, true, null, 1, 1, '2020-01-01 00:00:00', '2020-01-01 00:00:00', false),
       (5202, 'Delete payment', 52, null, null, null, null, 2, 'payment:delete', '1', 3.00, false, null, false, true,
        null, false, null, false, true, null, 1, 1, '2020-01-01 00:00:00', '2020-01-01 00:00:00', false),
       (5203, 'Read payment', 52, null, null, null, null, 2, 'payment:read', '1', 4.00, false, null, false, true,
        null, false, null, false, true, null, 1, 1, '2020-01-01 00:00:00', '2020-01-01 00:00:00', false),
       (53, 'Sales', 5, '/sale/#/', 'sale/Sale', null, null, 1, null, '1', 1.00, false, 'shopping', true, false, false,
        false, null, false, null, false, 1, 1, '2020-01-01 00:00:00', '2020-01-01 00:00:00', false);

--
-- Insert data to table `permission_role_tbl`
--
insert into permission_role_tbl (role_id, permission_id, updated_by, created_by, updated_date, created_date,
                                 deleted_flag, api_id)
select r.id,
       p.id,
       1,
       1,
       '2020-01-01 00:00:00',
       '2020-01-01 00:00:00',
       false,
       p.perms
from role_tbl r
         cross join permission_tbl p
where r.id = 1
  and p.deleted_flag = false;

--
-- Insert data to table `user_role_tbl`
--
insert into user_role_tbl(role_id, user_id, updated_by, created_by, updated_date, created_date, deleted_flag)
values (1, 1, 1, 1, '2020-01-01 00:00:00', '2020-01-01 00:00:00', false),
       (2, 2, 1, 1, '2020-01-01 00:00:00', '2020-01-01 00:00:00', false);

--
-- Insert data to table province_tbl
--
insert into province_tbl (id, name, code)
values (1, 'Hồ Chí Minh', 'SG'),
       (2, 'Hà Nội', 'HN'),
       (3, 'Đà Nẵng', 'DDN'),
       (4, 'Bình Dương', 'BD'),
       (5, 'Đồng Nai', 'DNA'),
       (6, 'Khánh Hòa', 'KH'),
       (7, 'Hải Phòng', 'HP'),
       (8, 'Long An', 'LA'),
       (9, 'Quảng Nam', 'QNA'),
       (10, 'Bà Rịa Vũng Tàu', 'VT'),
       (11, 'Đắk Lắk', 'DDL'),
       (12, 'Cần Thơ', 'CT'),
       (13, 'Bình Thuận  ', 'BTH'),
       (14, 'Lâm Đồng', 'LDD'),
       (15, 'Thừa Thiên Huế', 'TTH'),
       (16, 'Kiên Giang', 'KG'),
       (17, 'Bắc Ninh', 'BN'),
       (18, 'Quảng Ninh', 'QNI'),
       (19, 'Thanh Hóa', 'TH'),
       (20, 'Nghệ An', 'NA'),
       (21, 'Hải Dương', 'HD'),
       (22, 'Gia Lai', 'GL'),
       (23, 'Bình Phước', 'BP'),
       (24, 'Hưng Yên', 'HY'),
       (25, 'Bình Định', 'BDD'),
       (26, 'Tiền Giang', 'TG'),
       (27, 'Thái Bình', 'TB'),
       (28, 'Bắc Giang', 'BG'),
       (29, 'Hòa Bình', 'HB'),
       (30, 'An Giang', 'AG'),
       (31, 'Vĩnh Phúc', 'VP'),
       (32, 'Tây Ninh', 'TNI'),
       (33, 'Thái Nguyên', 'TN'),
       (34, 'Lào Cai', 'LCA'),
       (35, 'Nam Định', 'NDD'),
       (36, 'Quảng Ngãi', 'QNG'),
       (37, 'Bến Tre', 'BTR'),
       (38, 'Đắk Nông', 'DNO'),
       (39, 'Cà Mau', 'CM'),
       (40, 'Vĩnh Long', 'VL'),
       (41, 'Ninh Bình', 'NB'),
       (42, 'Phú Thọ', 'PT'),
       (43, 'Ninh Thuận', 'NT'),
       (44, 'Phú Yên', 'PY'),
       (45, 'Hà Nam', 'HNA'),
       (46, 'Hà Tĩnh', 'HT'),
       (47, 'Đồng Tháp', 'DDT'),
       (48, 'Sóc Trăng', 'ST'),
       (49, 'Kon Tum', 'KT'),
       (50, 'Quảng Bình', 'QB'),
       (51, 'Quảng Trị', 'QT'),
       (52, 'Trà Vinh', 'TV'),
       (53, 'Hậu Giang', 'HGI'),
       (54, 'Sơn La', 'SL'),
       (55, 'Bạc Liêu', 'BL'),
       (56, 'Yên Bái', 'YB'),
       (57, 'Tuyên Quang', 'TQ'),
       (58, 'Điện Biên', 'DDB'),
       (59, 'Lai Châu', 'LCH'),
       (60, 'Lạng Sơn', 'LS'),
       (61, 'Hà Giang', 'HG'),
       (62, 'Bắc Kạn', 'BK'),
       (63, 'Cao Bằng', 'CB');

--
-- Insert data to table district_tbl
--
insert into district_tbl (id, name, prefix, province_id)
values (1, 'Bình Chánh', 'Huyện', 1),
       (2, 'Bình Tân', 'Quận', 1),
       (3, 'Bình Thạnh', 'Quận', 1),
       (4, 'Cần Giờ', 'Huyện', 1),
       (5, 'Củ Chi', 'Huyện', 1),
       (6, 'Gò Vấp', 'Quận', 1),
       (7, 'Hóc Môn', 'Huyện', 1),
       (8, 'Nhà Bè', 'Huyện', 1),
       (9, 'Phú Nhuận', 'Quận', 1),
       (10, 'Quận 1', '', 1),
       (11, 'Quận 10', '', 1),
       (12, 'Quận 11', '', 1),
       (13, 'Quận 12', '', 1),
       (14, 'Quận 2', '', 1),
       (15, 'Quận 3', '', 1),
       (16, 'Quận 4', '', 1),
       (17, 'Quận 5', '', 1),
       (18, 'Quận 6', '', 1),
       (19, 'Quận 7', '', 1),
       (20, 'Quận 8', '', 1),
       (21, 'Quận 9', '', 1),
       (22, 'Tân Bình', 'Quận', 1),
       (23, 'Tân Phú', 'Quận', 1),
       (24, 'Thủ Đức', 'Quận', 1),
       (25, 'Ba Đình', 'Quận', 2),
       (26, 'Ba Vì', 'Huyện', 2),
       (27, 'Bắc Từ Liêm', 'Quận', 2),
       (28, 'Cầu Giấy', 'Quận', 2),
       (29, 'Chương Mỹ', 'Huyện', 2),
       (30, 'Đan Phượng', 'Huyện', 2),
       (31, 'Đông Anh', 'Huyện', 2),
       (32, 'Đống Đa', 'Quận', 2),
       (33, 'Gia Lâm', 'Huyện', 2),
       (34, 'Hà Đông', 'Quận', 2),
       (35, 'Hai Bà Trưng', 'Quận', 2),
       (36, 'Hoài Đức', 'Huyện', 2),
       (37, 'Hoàn Kiếm', 'Quận', 2),
       (38, 'Hoàng Mai', 'Quận', 2),
       (39, 'Long Biên', 'Quận', 2),
       (40, 'Mê Linh', 'Huyện', 2),
       (41, 'Mỹ Đức', 'Huyện', 2),
       (42, 'Nam Từ Liêm', 'Quận', 2),
       (43, 'Phú Xuyên', 'Huyện', 2),
       (44, 'Phúc Thọ', 'Huyện', 2),
       (45, 'Quốc Oai', 'Huyện', 2),
       (46, 'Sóc Sơn', 'Huyện', 2),
       (47, 'Sơn Tây', 'Thị xã', 2),
       (48, 'Tây Hồ', 'Quận', 2),
       (49, 'Thạch Thất', 'Huyện', 2),
       (50, 'Thanh Oai', 'Huyện', 2),
       (51, 'Thanh Trì', 'Huyện', 2),
       (52, 'Thanh Xuân', 'Quận', 2),
       (53, 'Thường Tín', 'Huyện', 2),
       (54, 'Ứng Hòa', 'Huyện', 2),
       (55, 'Cẩm Lệ', 'Quận', 3),
       (56, 'Hải Châu', 'Quận', 3),
       (57, 'Hòa Vang', 'Huyện', 3),
       (58, 'Hoàng Sa', 'Huyện', 3),
       (59, 'Liên Chiểu', 'Quận', 3),
       (60, 'Ngũ Hành Sơn', 'Quận', 3),
       (61, 'Sơn Trà', 'Quận', 3),
       (62, 'Thanh Khê', 'Quận', 3),
       (63, 'Bàu Bàng', 'Huyện', 4),
       (64, 'Bến Cát', 'Thị xã', 4),
       (65, 'Dầu Tiếng', 'Huyện', 4),
       (66, 'Dĩ An', 'Thị xã', 4),
       (67, 'Phú Giáo', 'Huyện', 4),
       (68, 'Tân Uyên', 'Huyện', 4),
       (69, 'Thủ Dầu Một', 'Thị xã', 4),
       (70, 'Thuận An', 'Huyện', 4),
       (71, 'Biên Hòa', 'Thành phố', 5),
       (72, 'Cẩm Mỹ', 'Huyện', 5),
       (73, 'Định Quán', 'Huyện', 5),
       (74, 'Long Khánh', 'Thị xã', 5),
       (75, 'Long Thành', 'Huyện', 5),
       (76, 'Nhơn Trạch', 'Huyện', 5),
       (77, 'Tân Phú', 'Quận', 5),
       (78, 'Thống Nhất', 'Huyện', 5),
       (79, 'Trảng Bom', 'Huyện', 5),
       (80, 'Vĩnh Cửu', 'Huyện', 5),
       (81, 'Xuân Lộc', 'Huyện', 5),
       (82, 'Cam Lâm', 'Huyện', 6),
       (83, 'Cam Ranh', 'Thành phố', 6),
       (84, 'Diên Khánh', 'Huyện', 6),
       (85, 'Khánh Sơn', 'Huyện', 6),
       (86, 'Khánh Vĩnh', 'Huyện', 6),
       (87, 'Nha Trang', 'Thành phố', 6),
       (88, 'Ninh Hòa', 'Thị xã', 6),
       (89, 'Trường Sa', 'Huyện', 6),
       (90, 'Vạn Ninh', 'Huyện', 6),
       (91, 'An Dương', 'Huyện', 7),
       (92, 'An Lão', 'Huyện', 7),
       (93, 'Bạch Long Vĩ', 'Huyện', 7),
       (94, 'Cát Hải', 'Huyện', 7),
       (95, 'Đồ Sơn', 'Quận', 7),
       (96, 'Dương Kinh', 'Quận', 7),
       (97, 'Hải An', 'Quận', 7),
       (98, 'Hồng Bàng', 'Quận', 7),
       (99, 'Kiến An', 'Quận', 7),
       (100, 'Kiến Thụy', 'Huyện', 7),
       (101, 'Lê Chân', 'Quận', 7),
       (102, 'Ngô Quyền', 'Quận', 7),
       (103, 'Thủy Nguyên', 'Huyện', 7),
       (104, 'Tiên Lãng', 'Huyện', 7),
       (105, 'Vĩnh Bảo', 'Huyện', 7),
       (106, 'Bến Lức', 'Huyện', 8),
       (107, 'Cần Đước', 'Huyện', 8),
       (108, 'Cần Giuộc', 'Huyện', 8),
       (109, 'Châu Thành', 'Huyện', 8),
       (110, 'Đức Hòa', 'Huyện', 8),
       (111, 'Đức Huệ', 'Huyện', 8),
       (112, 'Kiến Tường', 'Thị xã', 8),
       (113, 'Mộc Hóa', 'Huyện', 8),
       (114, 'Tân An', 'Thành phố', 8),
       (115, 'Tân Hưng', 'Huyện', 8),
       (116, 'Tân Thạnh', 'Huyện', 8),
       (117, 'Tân Trụ', 'Huyện', 8),
       (118, 'Thạnh Hóa', 'Huyện', 8),
       (119, 'Thủ Thừa', 'Huyện', 8),
       (120, 'Vĩnh Hưng', 'Huyện', 8),
       (121, 'Bắc Trà My', 'Huyện', 9),
       (122, 'Đại Lộc', 'Huyện', 9),
       (123, 'Điện Bàn', 'Huyện', 9),
       (124, 'Đông Giang', 'Huyện', 9),
       (125, 'Duy Xuyên', 'Huyện', 9),
       (126, 'Hiệp Đức', 'Huyện', 9),
       (127, 'Hội An', 'Thành phố', 9),
       (128, 'Nam Giang', 'Huyện', 9),
       (129, 'Nam Trà My', 'Huyện', 9),
       (130, 'Nông Sơn', 'Huyện', 9),
       (131, 'Núi Thành', 'Huyện', 9),
       (132, 'Phú Ninh', 'Huyện', 9),
       (133, 'Phước Sơn', 'Huyện', 9),
       (134, 'Quế Sơn', 'Huyện', 9),
       (135, 'Tam Kỳ', 'Thành phố', 9),
       (136, 'Tây Giang', 'Huyện', 9),
       (137, 'Thăng Bình', 'Huyện', 9),
       (138, 'Tiên Phước', 'Huyện', 9),
       (139, 'Bà Rịa', 'Thị xã', 10),
       (140, 'Châu Đức', 'Huyện', 10),
       (141, 'Côn Đảo', 'Huyện', 10),
       (142, 'Đất Đỏ', 'Huyện', 10),
       (143, 'Long Điền', 'Huyện', 10),
       (144, 'Tân Thành', 'Huyện', 10),
       (145, 'Vũng Tàu', 'Thành phố', 10),
       (146, 'Xuyên Mộc', 'Huyện', 10),
       (147, 'Buôn Đôn', 'Huyện', 11),
       (148, 'Buôn Hồ', 'Thị xã', 11),
       (149, 'Buôn Ma Thuột', 'Thành phố', 11),
       (150, 'Cư Kuin', 'Huyện', 11),
       (151, 'Cư M''gar', 'Huyện', 11),
       (152, 'Ea h''Leo', 'Huyện', 11),
       (153, 'Ea Kar', 'Huyện', 11),
       (154, 'Ea Súp', 'Huyện', 11),
       (155, 'Krông Ana', 'Huyện', 11),
       (156, 'Krông Bông', 'Huyện', 11),
       (157, 'Krông Buk', 'Huyện', 11),
       (158, 'Krông Năng', 'Huyện', 11),
       (159, 'Krông Pắc', 'Huyện', 11),
       (160, 'Lăk', 'Huyện', 11),
       (161, 'M''Đrăk', 'Huyện', 11),
       (162, ' Thới Lai', 'Huyện', 12),
       (163, 'Bình Thủy', 'Quận', 12),
       (164, 'Cái Răng', 'Quận', 12),
       (165, 'Cờ Đỏ', 'Huyện', 12),
       (166, 'Ninh Kiều', 'Quận', 12),
       (167, 'Ô Môn', 'Quận', 12),
       (168, 'Phong Điền', 'Huyện', 12),
       (169, 'Thốt Nốt', 'Quận', 12),
       (170, 'Vĩnh Thạnh', 'Huyện', 12),
       (171, 'Bắc Bình', 'Huyện', 13),
       (172, 'Đảo Phú Quý', 'Huyện', 13),
       (173, 'Đức Linh', 'Huyện', 13),
       (174, 'Hàm Tân', 'Huyện', 13),
       (175, 'Hàm Thuận Bắc', 'Huyện', 13),
       (176, 'Hàm Thuận Nam', 'Huyện', 13),
       (177, 'La Gi', 'Thị xã', 13),
       (178, 'Phan Thiết', 'Thành phố', 13),
       (179, 'Tánh Linh', 'Huyện', 13),
       (180, 'Tuy Phong', 'Huyện', 13),
       (181, 'Bảo Lâm', 'Huyện', 14),
       (182, 'Bảo Lộc', 'Thành phố', 14),
       (183, 'Cát Tiên', 'Huyện', 14),
       (184, 'Đạ Huoai', 'Huyện', 14),
       (185, 'Đà Lạt', 'Thành phố', 14),
       (186, 'Đạ Tẻh', 'Huyện', 14),
       (187, 'Đam Rông', 'Huyện', 14),
       (188, 'Di Linh', 'Huyện', 14),
       (189, 'Đơn Dương', 'Huyện', 14),
       (190, 'Đức Trọng', 'Huyện', 14),
       (191, 'Lạc Dương', 'Huyện', 14),
       (192, 'Lâm Hà', 'Huyện', 14),
       (193, 'A Lưới', 'Huyện', 15),
       (194, 'Huế', 'Thành phố', 15),
       (195, 'Hương Thủy', 'Thị xã', 15),
       (196, 'Hương Trà', 'Huyện', 15),
       (197, 'Nam Đông', 'Huyện', 15),
       (198, 'Phong Điền', 'Huyện', 15),
       (199, 'Phú Lộc', 'Huyện', 15),
       (200, 'Phú Vang', 'Huyện', 15),
       (201, 'Quảng Điền', 'Huyện', 15),
       (202, 'An Biên', 'Huyện', 16),
       (203, 'An Minh', 'Huyện', 16),
       (204, 'Châu Thành', 'Huyện', 16),
       (205, 'Giang Thành', 'Huyện', 16),
       (206, 'Giồng Riềng', 'Huyện', 16),
       (207, 'Gò Quao', 'Huyện', 16),
       (208, 'Hà Tiên', 'Thị xã', 16),
       (209, 'Hòn Đất', 'Huyện', 16),
       (210, 'Kiên Hải', 'Huyện', 16),
       (211, 'Kiên Lương', 'Huyện', 16),
       (212, 'Phú Quốc', 'Huyện', 16),
       (213, 'Rạch Giá', 'Thành phố', 16),
       (214, 'Tân Hiệp', 'Huyện', 16),
       (215, 'U minh Thượng', 'Huyện', 16),
       (216, 'Vĩnh Thuận', 'Huyện', 16),
       (217, 'Bắc Ninh', 'Thành phố', 17),
       (218, 'Gia Bình', 'Huyện', 17),
       (219, 'Lương Tài', 'Huyện', 17),
       (220, 'Quế Võ', 'Huyện', 17),
       (221, 'Thuận Thành', 'Huyện', 17),
       (222, 'Tiên Du', 'Huyện', 17),
       (223, 'Từ Sơn', 'Thị xã', 17),
       (224, 'Yên Phong', 'Huyện', 17),
       (225, 'Ba Chẽ', 'Huyện', 18),
       (226, 'Bình Liêu', 'Huyện', 18),
       (227, 'Cẩm Phả', 'Thành phố', 18),
       (228, 'Cô Tô', 'Huyện', 18),
       (229, 'Đầm Hà', 'Huyện', 18),
       (230, 'Đông Triều', 'Huyện', 18),
       (231, 'Hạ Long', 'Thành phố', 18),
       (232, 'Hải Hà', 'Huyện', 18),
       (233, 'Hoành Bồ', 'Huyện', 18),
       (234, 'Móng Cái', 'Thành phố', 18),
       (235, 'Quảng Yên', 'Huyện', 18),
       (236, 'Tiên Yên', 'Huyện', 18),
       (237, 'Uông Bí', 'Thị xã', 18),
       (238, 'Vân Đồn', 'Huyện', 18),
       (239, 'Bá Thước', 'Huyện', 19),
       (240, 'Bỉm Sơn', 'Thị xã', 19),
       (241, 'Cẩm Thủy', 'Huyện', 19),
       (242, 'Đông Sơn', 'Huyện', 19),
       (243, 'Hà Trung', 'Huyện', 19),
       (244, 'Hậu Lộc', 'Huyện', 19),
       (245, 'Hoằng Hóa', 'Huyện', 19),
       (246, 'Lang Chánh', 'Huyện', 19),
       (247, 'Mường Lát', 'Huyện', 19),
       (248, 'Nga Sơn', 'Huyện', 19),
       (249, 'Ngọc Lặc', 'Huyện', 19),
       (250, 'Như Thanh', 'Huyện', 19),
       (251, 'Như Xuân', 'Huyện', 19),
       (252, 'Nông Cống', 'Huyện', 19),
       (253, 'Quan Hóa', 'Huyện', 19),
       (254, 'Quan Sơn', 'Huyện', 19),
       (255, 'Quảng Xương', 'Huyện', 19),
       (256, 'Sầm Sơn', 'Thị xã', 19),
       (257, 'Thạch Thành', 'Huyện', 19),
       (258, 'Thanh Hóa', 'Thành phố', 19),
       (259, 'Thiệu Hóa', 'Huyện', 19),
       (260, 'Thọ Xuân', 'Huyện', 19),
       (261, 'Thường Xuân', 'Huyện', 19),
       (262, 'Tĩnh Gia', 'Huyện', 19),
       (263, 'Triệu Sơn', 'Huyện', 19),
       (264, 'Vĩnh Lộc', 'Huyện', 19),
       (265, 'Yên Định', 'Huyện', 19),
       (266, 'Anh Sơn', 'Huyện', 20),
       (267, 'Con Cuông', 'Huyện', 20),
       (268, 'Cửa Lò', 'Thị xã', 20),
       (269, 'Diễn Châu', 'Huyện', 20),
       (270, 'Đô Lương', 'Huyện', 20),
       (271, 'Hoàng Mai', 'Thị xã', 20),
       (272, 'Hưng Nguyên', 'Huyện', 20),
       (273, 'Kỳ Sơn', 'Huyện', 20),
       (274, 'Nam Đàn', 'Huyện', 20),
       (275, 'Nghi Lộc', 'Huyện', 20),
       (276, 'Nghĩa Đàn', 'Huyện', 20),
       (277, 'Quế Phong', 'Huyện', 20),
       (278, 'Quỳ Châu', 'Huyện', 20),
       (279, 'Quỳ Hợp', 'Huyện', 20),
       (280, 'Quỳnh Lưu', 'Huyện', 20),
       (281, 'Tân Kỳ', 'Huyện', 20),
       (282, 'Thái Hòa', 'Thị xã', 20),
       (283, 'Thanh Chương', 'Huyện', 20),
       (284, 'Tương Dương', 'Huyện', 20),
       (285, 'Vinh', 'Thành phố', 20),
       (286, 'Yên Thành', 'Huyện', 20),
       (287, 'Bình Giang', 'Huyện', 21),
       (288, 'Cẩm Giàng', 'Huyện', 21),
       (289, 'Chí Linh', 'Thị xã', 21),
       (290, 'Gia Lộc', 'Huyện', 21),
       (291, 'Hải Dương', 'Thành phố', 21),
       (292, 'Kim Thành', 'Huyện', 21),
       (293, 'Kinh Môn', 'Huyện', 21),
       (294, 'Nam Sách', 'Huyện', 21),
       (295, 'Ninh Giang', 'Huyện', 21),
       (296, 'Thanh Hà', 'Huyện', 21),
       (297, 'Thanh Miện', 'Huyện', 21),
       (298, 'Tứ Kỳ', 'Huyện', 21),
       (299, 'An Khê', 'Thị xã', 22),
       (300, 'AYun Pa', 'Thị xã', 22),
       (301, 'Chư Păh', 'Huyện', 22),
       (302, 'Chư Pưh', 'Huyện', 22),
       (303, 'Chư Sê', 'Huyện', 22),
       (304, 'ChưPRông', 'Huyện', 22),
       (305, 'Đăk Đoa', 'Huyện', 22),
       (306, 'Đăk Pơ', 'Huyện', 22),
       (307, 'Đức Cơ', 'Huyện', 22),
       (308, 'Ia Grai', 'Huyện', 22),
       (309, 'Ia Pa', 'Huyện', 22),
       (310, 'KBang', 'Huyện', 22),
       (311, 'Kông Chro', 'Huyện', 22),
       (312, 'Krông Pa', 'Huyện', 22),
       (313, 'Mang Yang', 'Huyện', 22),
       (314, 'Phú Thiện', 'Huyện', 22),
       (315, 'Plei Ku', 'Thành phố', 22),
       (316, 'Bình Long', 'Thị xã', 23),
       (317, 'Bù Đăng', 'Huyện', 23),
       (318, 'Bù Đốp', 'Huyện', 23),
       (319, 'Bù Gia Mập', 'Huyện', 23),
       (320, 'Chơn Thành', 'Huyện', 23),
       (321, 'Đồng Phú', 'Huyện', 23),
       (322, 'Đồng Xoài', 'Thị xã', 23),
       (323, 'Hớn Quản', 'Huyện', 23),
       (324, 'Lộc Ninh', 'Huyện', 23),
       (325, 'Phú Riềng', 'Huyện', 23),
       (326, 'Phước Long', 'Thị xã', 23),
       (327, 'Ân Thi', 'Huyện', 24),
       (328, 'Hưng Yên', 'Thành phố', 24),
       (329, 'Khoái Châu', 'Huyện', 24),
       (330, 'Kim Động', 'Huyện', 24),
       (331, 'Mỹ Hào', 'Huyện', 24),
       (332, 'Phù Cừ', 'Huyện', 24),
       (333, 'Tiên Lữ', 'Huyện', 24),
       (334, 'Văn Giang', 'Huyện', 24),
       (335, 'Văn Lâm', 'Huyện', 24),
       (336, 'Yên Mỹ', 'Huyện', 24),
       (337, 'An Lão', 'Huyện', 25),
       (338, 'An Nhơn', 'Huyện', 25),
       (339, 'Hoài Ân', 'Huyện', 25),
       (340, 'Hoài Nhơn', 'Huyện', 25),
       (341, 'Phù Cát', 'Huyện', 25),
       (342, 'Phù Mỹ', 'Huyện', 25),
       (343, 'Quy Nhơn', 'Thành phố', 25),
       (344, 'Tây Sơn', 'Huyện', 25),
       (345, 'Tuy Phước', 'Huyện', 25),
       (346, 'Vân Canh', 'Huyện', 25),
       (347, 'Vĩnh Thạnh', 'Huyện', 25),
       (348, 'Cái Bè', 'Huyện', 26),
       (349, 'Cai Lậy', 'Thị xã', 26),
       (350, 'Châu Thành', 'Huyện', 26),
       (351, 'Chợ Gạo', 'Huyện', 26),
       (352, 'Gò Công', 'Thị xã', 26),
       (353, 'Gò Công Đông', 'Huyện', 26),
       (354, 'Gò Công Tây', 'Huyện', 26),
       (355, 'Huyện Cai Lậy', 'Huyện', 26),
       (356, 'Mỹ Tho', 'Thành phố', 26),
       (357, 'Tân Phú Đông', 'Huyện', 26),
       (358, 'Tân Phước', 'Huyện', 26),
       (359, 'Đông Hưng', 'Huyện', 27),
       (360, 'Hưng Hà', 'Huyện', 27),
       (361, 'Kiến Xương', 'Huyện', 27),
       (362, 'Quỳnh Phụ', 'Huyện', 27),
       (363, 'Thái Bình', 'Thành phố', 27),
       (364, 'Thái Thuỵ', 'Huyện', 27),
       (365, 'Tiền Hải', 'Huyện', 27),
       (366, 'Vũ Thư', 'Huyện', 27),
       (367, 'Bắc Giang', 'Thành phố', 28),
       (368, 'Hiệp Hòa', 'Huyện', 28),
       (369, 'Lạng Giang', 'Huyện', 28),
       (370, 'Lục Nam', 'Huyện', 28),
       (371, 'Lục Ngạn', 'Huyện', 28),
       (372, 'Sơn Động', 'Huyện', 28),
       (373, 'Tân Yên', 'Huyện', 28),
       (374, 'Việt Yên', 'Huyện', 28),
       (375, 'Yên Dũng', 'Huyện', 28),
       (376, 'Yên Thế', 'Huyện', 28),
       (377, 'Cao Phong', 'Huyện', 29),
       (378, 'Đà Bắc', 'Huyện', 29),
       (379, 'Hòa Bình', 'Thành phố', 29),
       (380, 'Kim Bôi', 'Huyện', 29),
       (381, 'Kỳ Sơn', 'Huyện', 29),
       (382, 'Lạc Sơn', 'Huyện', 29),
       (383, 'Lạc Thủy', 'Huyện', 29),
       (384, 'Lương Sơn', 'Huyện', 29),
       (385, 'Mai Châu', 'Huyện', 29),
       (386, 'Tân Lạc', 'Huyện', 29),
       (387, 'Yên Thủy', 'Huyện', 29),
       (388, 'An Phú', 'Huyện', 30),
       (389, 'Châu Đốc', 'Thị xã', 30),
       (390, 'Châu Phú', 'Huyện', 30),
       (391, 'Châu Thành', 'Huyện', 30),
       (392, 'Chợ Mới', 'Huyện', 30),
       (393, 'Long Xuyên', 'Thành phố', 30),
       (394, 'Phú Tân', 'Huyện', 30),
       (395, 'Tân Châu', 'Thị xã', 30),
       (396, 'Thoại Sơn', 'Huyện', 30),
       (397, 'Tịnh Biên', 'Huyện', 30),
       (398, 'Tri Tôn', 'Huyện', 30),
       (399, 'Bình Xuyên', 'Huyện', 31),
       (400, 'Lập Thạch', 'Huyện', 31),
       (401, 'Phúc Yên', 'Thị xã', 31),
       (402, 'Sông Lô', 'Huyện', 31),
       (403, 'Tam Đảo', 'Huyện', 31),
       (404, 'Tam Dương', 'Huyện', 31),
       (405, 'Vĩnh Tường', 'Huyện', 31),
       (406, 'Vĩnh Yên', 'Thành phố', 31),
       (407, 'Yên Lạc', 'Huyện', 31),
       (408, 'Bến Cầu', 'Huyện', 32),
       (409, 'Châu Thành', 'Huyện', 32),
       (410, 'Dương Minh Châu', 'Huyện', 32),
       (411, 'Gò Dầu', 'Huyện', 32),
       (412, 'Hòa Thành', 'Huyện', 32),
       (413, 'Tân Biên', 'Huyện', 32),
       (414, 'Tân Châu', 'Huyện', 32),
       (415, 'Tây Ninh', 'Thị xã', 32),
       (416, 'Trảng Bàng', 'Huyện', 32),
       (417, 'Đại Từ', 'Huyện', 33),
       (418, 'Định Hóa', 'Huyện', 33),
       (419, 'Đồng Hỷ', 'Huyện', 33),
       (420, 'Phổ Yên', 'Huyện', 33),
       (421, 'Phú Bình', 'Huyện', 33),
       (422, 'Phú Lương', 'Huyện', 33),
       (423, 'Sông Công', 'Thị xã', 33),
       (424, 'Thái Nguyên', 'Thành phố', 33),
       (425, 'Võ Nhai', 'Huyện', 33),
       (426, 'Bắc Hà', 'Huyện', 34),
       (427, 'Bảo Thắng', 'Huyện', 34),
       (428, 'Bảo Yên', 'Huyện', 34),
       (429, 'Bát Xát', 'Huyện', 34),
       (430, 'Lào Cai', 'Thành phố', 34),
       (431, 'Mường Khương', 'Huyện', 34),
       (432, 'Sa Pa', 'Huyện', 34),
       (433, 'Văn Bàn', 'Huyện', 34),
       (434, 'Xi Ma Cai', 'Huyện', 34),
       (435, 'Giao Thủy', 'Huyện', 35),
       (436, 'Hải Hậu', 'Huyện', 35),
       (437, 'Mỹ Lộc', 'Huyện', 35),
       (438, 'Nam Định', 'Thành phố', 35),
       (439, 'Nam Trực', 'Huyện', 35),
       (440, 'Nghĩa Hưng', 'Huyện', 35),
       (441, 'Trực Ninh', 'Huyện', 35),
       (442, 'Vụ Bản', 'Huyện', 35),
       (443, 'Xuân Trường', 'Huyện', 35),
       (444, 'Ý Yên', 'Huyện', 35),
       (445, 'Ba Tơ', 'Huyện', 36),
       (446, 'Bình Sơn', 'Huyện', 36),
       (447, 'Đức Phổ', 'Huyện', 36),
       (448, 'Lý Sơn', 'Huyện', 36),
       (449, 'Minh Long', 'Huyện', 36),
       (450, 'Mộ Đức', 'Huyện', 36),
       (451, 'Nghĩa Hành', 'Huyện', 36),
       (452, 'Quảng Ngãi', 'Thành phố', 36),
       (453, 'Sơn Hà', 'Huyện', 36),
       (454, 'Sơn Tây', 'Huyện', 36),
       (455, 'Sơn Tịnh', 'Huyện', 36),
       (456, 'Tây Trà', 'Huyện', 36),
       (457, 'Trà Bồng', 'Huyện', 36),
       (458, 'Tư Nghĩa', 'Huyện', 36),
       (459, 'Ba Tri', 'Huyện', 37),
       (460, 'Bến Tre', 'Thành phố', 37),
       (461, 'Bình Đại', 'Huyện', 37),
       (462, 'Châu Thành', 'Huyện', 37),
       (463, 'Chợ Lách', 'Huyện', 37),
       (464, 'Giồng Trôm', 'Huyện', 37),
       (465, 'Mỏ Cày Bắc', 'Huyện', 37),
       (466, 'Mỏ Cày Nam', 'Huyện', 37),
       (467, 'Thạnh Phú', 'Huyện', 37),
       (468, 'Cư Jút', 'Huyện', 38),
       (469, 'Dăk GLong', 'Huyện', 38),
       (470, 'Dăk Mil', 'Huyện', 38),
       (471, 'Dăk R''Lấp', 'Huyện', 38),
       (472, 'Dăk Song', 'Huyện', 38),
       (473, 'Gia Nghĩa', 'Thị xã', 38),
       (474, 'Krông Nô', 'Huyện', 38),
       (475, 'Tuy Đức', 'Huyện', 38),
       (476, 'Cà Mau', 'Thành phố', 39),
       (477, 'Cái Nước', 'Huyện', 39),
       (478, 'Đầm Dơi', 'Huyện', 39),
       (479, 'Năm Căn', 'Huyện', 39),
       (480, 'Ngọc Hiển', 'Huyện', 39),
       (481, 'Phú Tân', 'Huyện', 39),
       (482, 'Thới Bình', 'Huyện', 39),
       (483, 'Trần Văn Thời', 'Huyện', 39),
       (484, 'U Minh', 'Huyện', 39),
       (485, 'Bình Minh', 'Huyện', 40),
       (486, 'Bình Tân', 'Quận', 40),
       (487, 'Long Hồ', 'Huyện', 40),
       (488, 'Mang Thít', 'Huyện', 40),
       (489, 'Tam Bình', 'Huyện', 40),
       (490, 'Trà Ôn', 'Huyện', 40),
       (491, 'Vĩnh Long', 'Thành phố', 40),
       (492, 'Vũng Liêm', 'Huyện', 40),
       (493, 'Gia Viễn', 'Huyện', 41),
       (494, 'Hoa Lư', 'Huyện', 41),
       (495, 'Kim Sơn', 'Huyện', 41),
       (496, 'Nho Quan', 'Huyện', 41),
       (497, 'Ninh Bình', 'Thành phố', 41),
       (498, 'Tam Điệp', 'Thị xã', 41),
       (499, 'Yên Khánh', 'Huyện', 41),
       (500, 'Yên Mô', 'Huyện', 41),
       (501, 'Cẩm Khê', 'Huyện', 42),
       (502, 'Đoan Hùng', 'Huyện', 42),
       (503, 'Hạ Hòa', 'Huyện', 42),
       (504, 'Lâm Thao', 'Huyện', 42),
       (505, 'Phù Ninh', 'Huyện', 42),
       (506, 'Phú Thọ', 'Thị xã', 42),
       (507, 'Tam Nông', 'Huyện', 42),
       (508, 'Tân Sơn', 'Huyện', 42),
       (509, 'Thanh Ba', 'Huyện', 42),
       (510, 'Thanh Sơn', 'Huyện', 42),
       (511, 'Thanh Thủy', 'Huyện', 42),
       (512, 'Việt Trì', 'Thành phố', 42),
       (513, 'Yên Lập', 'Huyện', 42),
       (514, 'Bác Ái', 'Huyện', 43),
       (515, 'Ninh Hải', 'Huyện', 43),
       (516, 'Ninh Phước', 'Huyện', 43),
       (517, 'Ninh Sơn', 'Huyện', 43),
       (518, 'Phan Rang - Tháp Chàm', 'Thành phố', 43),
       (519, 'Thuận Bắc', 'Huyện', 43),
       (520, 'Thuận Nam', 'Huyện', 43),
       (521, 'Đông Hòa', 'Huyện', 44),
       (522, 'Đồng Xuân', 'Huyện', 44),
       (523, 'Phú Hòa', 'Huyện', 44),
       (524, 'Sơn Hòa', 'Huyện', 44),
       (525, 'Sông Cầu', 'Thị xã', 44),
       (526, 'Sông Hinh', 'Huyện', 44),
       (527, 'Tây Hòa', 'Huyện', 44),
       (528, 'Tuy An', 'Huyện', 44),
       (529, 'Tuy Hòa', 'Thành phố', 44),
       (530, 'Bình Lục', 'Huyện', 45),
       (531, 'Duy Tiên', 'Huyện', 45),
       (532, 'Kim Bảng', 'Huyện', 45),
       (533, 'Lý Nhân', 'Huyện', 45),
       (534, 'Phủ Lý', 'Thành phố', 45),
       (535, 'Thanh Liêm', 'Huyện', 45),
       (536, 'Cẩm Xuyên', 'Huyện', 46),
       (537, 'Can Lộc', 'Huyện', 46),
       (538, 'Đức Thọ', 'Huyện', 46),
       (539, 'Hà Tĩnh', 'Thành phố', 46),
       (540, 'Hồng Lĩnh', 'Thị xã', 46),
       (541, 'Hương Khê', 'Huyện', 46),
       (542, 'Hương Sơn', 'Huyện', 46),
       (543, 'Kỳ Anh', 'Huyện', 46),
       (544, 'Lộc Hà', 'Huyện', 46),
       (545, 'Nghi Xuân', 'Huyện', 46),
       (546, 'Thạch Hà', 'Huyện', 46),
       (547, 'Vũ Quang', 'Huyện', 46),
       (548, 'Cao Lãnh', 'Thành phố', 47),
       (549, 'Châu Thành', 'Huyện', 47),
       (550, 'Hồng Ngự', 'Thị xã', 47),
       (551, 'Huyện Cao Lãnh', 'Huyện', 47),
       (552, 'Huyện Hồng Ngự', 'Huyện', 47),
       (553, 'Lai Vung', 'Huyện', 47),
       (554, 'Lấp Vò', 'Huyện', 47),
       (555, 'Sa Đéc', 'Thị xã', 47),
       (556, 'Tam Nông', 'Huyện', 47),
       (557, 'Tân Hồng', 'Huyện', 47),
       (558, 'Thanh Bình', 'Huyện', 47),
       (559, 'Tháp Mười', 'Huyện', 47),
       (560, 'Châu Thành', 'Huyện', 48),
       (561, 'Cù Lao Dung', 'Huyện', 48),
       (562, 'Kế Sách', 'Huyện', 48),
       (563, 'Long Phú', 'Huyện', 48),
       (564, 'Mỹ Tú', 'Huyện', 48),
       (565, 'Mỹ Xuyên', 'Huyện', 48),
       (566, 'Ngã Năm', 'Huyện', 48),
       (567, 'Sóc Trăng', 'Thành phố', 48),
       (568, 'Thạnh Trị', 'Huyện', 48),
       (569, 'Trần Đề', 'Huyện', 48),
       (570, 'Vĩnh Châu', 'Huyện', 48),
       (571, 'Đăk Glei', 'Huyện', 49),
       (572, 'Đăk Hà', 'Huyện', 49),
       (573, 'Đăk Tô', 'Huyện', 49),
       (574, 'Ia H''Drai', 'Huyện', 49),
       (575, 'Kon Plông', 'Huyện', 49),
       (576, 'Kon Rẫy', 'Huyện', 49),
       (577, 'KonTum', 'Thành phố', 49),
       (578, 'Ngọc Hồi', 'Huyện', 49),
       (579, 'Sa Thầy', 'Huyện', 49),
       (580, 'Tu Mơ Rông', 'Huyện', 49),
       (581, 'Ba Đồn', 'Thị xã', 50),
       (582, 'Bố Trạch', 'Huyện', 50),
       (583, 'Đồng Hới', 'Thành phố', 50),
       (584, 'Lệ Thủy', 'Huyện', 50),
       (585, 'Minh Hóa', 'Huyện', 50),
       (586, 'Quảng Ninh', 'Huyện', 50),
       (587, 'Quảng Trạch', 'Huyện', 50),
       (588, 'Tuyên Hóa', 'Huyện', 50),
       (589, 'Cam Lộ', 'Huyện', 51),
       (590, 'Đa Krông', 'Huyện', 51),
       (591, 'Đảo Cồn cỏ', 'Huyện', 51),
       (592, 'Đông Hà', 'Thành phố', 51),
       (593, 'Gio Linh', 'Huyện', 51),
       (594, 'Hải Lăng', 'Huyện', 51),
       (595, 'Hướng Hóa', 'Huyện', 51),
       (596, 'Quảng Trị', 'Thị xã', 51),
       (597, 'Triệu Phong', 'Huyện', 51),
       (598, 'Vĩnh Linh', 'Huyện', 51),
       (599, 'Càng Long', 'Huyện', 52),
       (600, 'Cầu Kè', 'Huyện', 52),
       (601, 'Cầu Ngang', 'Huyện', 52),
       (602, 'Châu Thành', 'Huyện', 52),
       (603, 'Duyên Hải', 'Huyện', 52),
       (604, 'Tiểu Cần', 'Huyện', 52),
       (605, 'Trà Cú', 'Huyện', 52),
       (606, 'Trà Vinh', 'Thành phố', 52),
       (607, 'Châu Thành', 'Huyện', 53),
       (608, 'Châu Thành A', 'Huyện', 53),
       (609, 'Long Mỹ', 'Huyện', 53),
       (610, 'Ngã Bảy', 'Thị xã', 53),
       (611, 'Phụng Hiệp', 'Huyện', 53),
       (612, 'Vị Thanh', 'Thành phố', 53),
       (613, 'Vị Thủy', 'Huyện', 53),
       (614, 'Bắc Yên', 'Huyện', 54),
       (615, 'Mai Sơn', 'Huyện', 54),
       (616, 'Mộc Châu', 'Huyện', 54),
       (617, 'Mường La', 'Huyện', 54),
       (618, 'Phù Yên', 'Huyện', 54),
       (619, 'Quỳnh Nhai', 'Huyện', 54),
       (620, 'Sơn La', 'Thành phố', 54),
       (621, 'Sông Mã', 'Huyện', 54),
       (622, 'Sốp Cộp', 'Huyện', 54),
       (623, 'Thuận Châu', 'Huyện', 54),
       (624, 'Vân Hồ', 'Huyện', 54),
       (625, 'Yên Châu', 'Huyện', 54),
       (626, 'Bạc Liêu', 'Thành phố', 55),
       (627, 'Đông Hải', 'Huyện', 55),
       (628, 'Giá Rai', 'Huyện', 55),
       (629, 'Hòa Bình', 'Huyện', 55),
       (630, 'Hồng Dân', 'Huyện', 55),
       (631, 'Phước Long', 'Huyện', 55),
       (632, 'Vĩnh Lợi', 'Huyện', 55),
       (633, 'Lục Yên', 'Huyện', 56),
       (634, 'Mù Cang Chải', 'Huyện', 56),
       (635, 'Nghĩa Lộ', 'Thị xã', 56),
       (636, 'Trạm Tấu', 'Huyện', 56),
       (637, 'Trấn Yên', 'Huyện', 56),
       (638, 'Văn Chấn', 'Huyện', 56),
       (639, 'Văn Yên', 'Huyện', 56),
       (640, 'Yên Bái', 'Thành phố', 56),
       (641, 'Yên Bình', 'Huyện', 56),
       (642, 'Chiêm Hóa', 'Huyện', 57),
       (643, 'Hàm Yên', 'Huyện', 57),
       (644, 'Lâm Bình', 'Huyện', 57),
       (645, 'Na Hang', 'Huyện', 57),
       (646, 'Sơn Dương', 'Huyện', 57),
       (647, 'Tuyên Quang', 'Thành phố', 57),
       (648, 'Yên Sơn', 'Huyện', 57),
       (649, 'Điện Biên', 'Huyện', 58),
       (650, 'Điện Biên Đông', 'Huyện', 58),
       (651, 'Điện Biên Phủ', 'Thành phố', 58),
       (652, 'Mường Ảng', 'Huyện', 58),
       (653, 'Mường Chà', 'Huyện', 58),
       (654, 'Mường Lay', 'Thị xã', 58),
       (655, 'Mường Nhé', 'Huyện', 58),
       (656, 'Nậm Pồ', 'Huyện', 58),
       (657, 'Tủa Chùa', 'Huyện', 58),
       (658, 'Tuần Giáo', 'Huyện', 58),
       (659, 'Lai Châu', 'Thị xã', 59),
       (660, 'Mường Tè', 'Huyện', 59),
       (661, 'Nậm Nhùn', 'Huyện', 59),
       (662, 'Phong Thổ', 'Huyện', 59),
       (663, 'Sìn Hồ', 'Huyện', 59),
       (664, 'Tam Đường', 'Huyện', 59),
       (665, 'Tân Uyên', 'Huyện', 59),
       (666, 'Than Uyên', 'Huyện', 59),
       (667, 'Bắc Sơn', 'Huyện', 60),
       (668, 'Bình Gia', 'Huyện', 60),
       (669, 'Cao Lộc', 'Huyện', 60),
       (670, 'Chi Lăng', 'Huyện', 60),
       (671, 'Đình Lập', 'Huyện', 60),
       (672, 'Hữu Lũng', 'Huyện', 60),
       (673, 'Lạng Sơn', 'Thành phố', 60),
       (674, 'Lộc Bình', 'Huyện', 60),
       (675, 'Tràng Định', 'Huyện', 60),
       (676, 'Văn Lãng', 'Huyện', 60),
       (677, 'Văn Quan', 'Huyện', 60),
       (678, 'Bắc Mê', 'Huyện', 61),
       (679, 'Bắc Quang', 'Huyện', 61),
       (680, 'Đồng Văn', 'Huyện', 61),
       (681, 'Hà Giang', 'Thành phố', 61),
       (682, 'Hoàng Su Phì', 'Huyện', 61),
       (683, 'Mèo Vạc', 'Huyện', 61),
       (684, 'Quản Bạ', 'Huyện', 61),
       (685, 'Quang Bình', 'Huyện', 61),
       (686, 'Vị Xuyên', 'Huyện', 61),
       (687, 'Xín Mần', 'Huyện', 61),
       (688, 'Yên Minh', 'Huyện', 61),
       (689, 'Ba Bể', 'Huyện', 62),
       (690, 'Bắc Kạn', 'Thị xã', 62),
       (691, 'Bạch Thông', 'Huyện', 62),
       (692, 'Chợ Đồn', 'Huyện', 62),
       (693, 'Chợ Mới', 'Huyện', 62),
       (694, 'Na Rì', 'Huyện', 62),
       (695, 'Ngân Sơn', 'Huyện', 62),
       (696, 'Pác Nặm', 'Huyện', 62),
       (697, 'Bảo Lạc', 'Huyện', 63),
       (698, 'Bảo Lâm', 'Huyện', 63),
       (699, 'Cao Bằng', 'Thị xã', 63),
       (700, 'Hạ Lang', 'Huyện', 63),
       (701, 'Hà Quảng', 'Huyện', 63),
       (702, 'Hòa An', 'Huyện', 63),
       (703, 'Nguyên Bình', 'Huyện', 63),
       (704, 'Phục Hòa', 'Huyện', 63),
       (705, 'Quảng Uyên', 'Huyện', 63),
       (706, 'Thạch An', 'Huyện', 63),
       (707, 'Thông Nông', 'Huyện', 63),
       (708, 'Trà Lĩnh', 'Huyện', 63),
       (709, 'Trùng Khánh', 'Huyện', 63);

--
-- Insert data to table ward_tbl
--
insert into ward_tbl (id, name, prefix, province_id, district_id)
values (1, 'An Phú Tây', 'Xã', 1, 1),
       (2, 'Bình Chánh', 'Xã', 1, 1),
       (3, 'Bình Hưng', 'Xã', 1, 1),
       (4, 'Bình Lợi', 'Xã', 1, 1),
       (5, 'Đa Phước', 'Xã', 1, 1),
       (6, 'Hưng Long', 'Xã', 1, 1),
       (7, 'Lê Minh Xuân', 'Xã', 1, 1),
       (8, 'Phạm Văn Hai', 'Xã', 1, 1),
       (9, 'Phong Phú', 'Xã', 1, 1),
       (10, 'Quy Đức', 'Xã', 1, 1),
       (11, 'Tân Kiên', 'Xã', 1, 1),
       (12, 'Tân Nhựt', 'Xã', 1, 1),
       (13, 'Tân Quý Tây', 'Xã', 1, 1),
       (14, 'Tân Túc', 'Thị trấn', 1, 1),
       (15, 'Vĩnh Lộc A', 'Xã', 1, 1),
       (16, 'Vĩnh Lộc B', 'Xã', 1, 1),
       (17, 'An Lạc', 'Phường', 1, 2),
       (18, 'An Lạc A', 'Phường', 1, 2),
       (19, 'Bình Hưng Hòa', 'Phường', 1, 2),
       (20, 'Bình Hưng Hòa A', 'Phường', 1, 2),
       (21, 'Bình Hưng Hòa B', 'Phường', 1, 2),
       (22, 'Bình Trị Đông', 'Phường', 1, 2),
       (23, 'Bình Trị Đông A', 'Phường', 1, 2),
       (24, 'Bình Trị Đông B', 'Phường', 1, 2),
       (25, 'Tân Tạo', 'Phường', 1, 2),
       (26, 'Tân Tạo A', 'Phường', 1, 2),
       (27, '1', 'Phường', 1, 3),
       (28, '11', 'Phường', 1, 3),
       (29, '12', 'Phường', 1, 3),
       (30, '13', 'Phường', 1, 3),
       (31, '14', 'Phường', 1, 3),
       (32, '15', 'Phường', 1, 3),
       (33, '17', 'Phường', 1, 3),
       (34, '19', 'Phường', 1, 3),
       (35, '2', 'Phường', 1, 3),
       (36, '21', 'Phường', 1, 3),
       (37, '22', 'Phường', 1, 3),
       (38, '24', 'Phường', 1, 3),
       (39, '25', 'Phường', 1, 3),
       (40, '26', 'Phường', 1, 3),
       (41, '27', 'Phường', 1, 3),
       (42, '28', 'Phường', 1, 3),
       (43, '3', 'Phường', 1, 3),
       (44, '5', 'Phường', 1, 3),
       (45, '6', 'Phường', 1, 3),
       (46, '7', 'Phường', 1, 3),
       (47, 'An Thới Đông', 'Xã', 1, 4),
       (48, 'Bình Khánh', 'Xã', 1, 4),
       (49, 'Cần Thạnh ', 'Phường', 1, 4),
       (50, 'Long Hòa', 'Xã', 1, 4),
       (51, 'Lý Nhơn', 'Xã', 1, 4),
       (52, 'Tam Thôn Hiệp', 'Xã', 1, 4),
       (53, 'Thạnh An', 'Xã', 1, 4),
       (54, 'An Nhơn Tây', 'Xã', 1, 5),
       (55, 'An Phú', 'Xã', 1, 5),
       (56, 'An Phú Trung', 'Xã', 1, 5),
       (57, 'Bình Mỹ', 'Xã', 1, 5),
       (58, 'Củ Chi', 'Thị trấn', 1, 5),
       (59, 'Hòa Phú', 'Xã', 1, 5),
       (60, 'Nhuận Đức', 'Xã', 1, 5),
       (61, 'Phạm Văn Cội', 'Xã', 1, 5),
       (62, 'Phú Hòa Đông', 'Xã', 1, 5),
       (63, 'Phú Mỹ Hưng', 'Xã', 1, 5),
       (64, 'Phước Hiệp', 'Xã', 1, 5),
       (65, 'Phước Thạnh', 'Xã', 1, 5),
       (66, 'Phước Vĩnh An', 'Xã', 1, 5),
       (67, 'Tân An Hội', 'Xã', 1, 5),
       (68, 'Tân Phú Trung', 'Xã', 1, 5),
       (69, 'Tân Thạnh Đông', 'Xã', 1, 5),
       (70, 'Tân Thạnh Tây', 'Xã', 1, 5),
       (71, 'Tân Thông Hội', 'Xã', 1, 5),
       (72, 'Thái Mỹ', 'Xã', 1, 5),
       (73, 'Trung An', 'Xã', 1, 5),
       (74, 'Trung Lập Hạ', 'Xã', 1, 5),
       (75, 'Trung Lập Hạ', 'Xã', 1, 5),
       (76, 'Trung Lập Thượng', 'Xã', 1, 5),
       (77, '1', 'Phường', 1, 6),
       (78, '10', 'Phường', 1, 6),
       (79, '11', 'Phường', 1, 6),
       (80, '12', 'Phường', 1, 6),
       (81, '13', 'Phường', 1, 6),
       (82, '14', 'Phường', 1, 6),
       (83, '15', 'Phường', 1, 6),
       (84, '16', 'Phường', 1, 6),
       (85, '17', 'Phường', 1, 6),
       (86, '3', 'Phường', 1, 6),
       (87, '4', 'Phường', 1, 6),
       (88, '5', 'Phường', 1, 6),
       (89, '6', 'Phường', 1, 6),
       (90, '7', 'Phường', 1, 6),
       (91, '8', 'Phường', 1, 6),
       (92, '9', 'Phường', 1, 6),
       (93, ' Đông Thạnh', 'Xã', 1, 7),
       (94, ' Hóc Môn', 'Phường', 1, 7),
       (95, 'Bà Điểm', 'Phường', 1, 7),
       (96, 'Nhị Bình', 'Xã', 1, 7),
       (97, 'Tân Hiệp', 'Xã', 1, 7),
       (98, 'Tân Thới Nhì', 'Xã', 1, 7),
       (99, 'Tân Xuân', 'Xã', 1, 7),
       (100, 'Thới Tam Thôn', 'Xã', 1, 7),
       (101, 'Trung Chánh', 'Xã', 1, 7),
       (102, 'Xuân Thới Đông', 'Xã', 1, 7),
       (103, 'Xuân Thới Sơn', 'Xã', 1, 7),
       (104, 'Xuân Thới Thượng', 'Xã', 1, 7),
       (105, 'Hiệp Phước', 'Phường', 1, 8),
       (106, 'Long Thới', 'Xã', 1, 8),
       (107, 'Nhà Bè', 'Thị trấn', 1, 8),
       (108, 'Nhơn Đức', 'Xã', 1, 8),
       (109, 'Phú Xuân', 'Xã', 1, 8),
       (110, 'Phước Kiển', 'Xã', 1, 8),
       (111, 'Phước Lộc', 'Xã', 1, 8),
       (112, '1', 'Phường', 1, 9),
       (113, '10', 'Phường', 1, 9),
       (114, '11', 'Phường', 1, 9),
       (115, '12', 'Phường', 1, 9),
       (116, '13', 'Phường', 1, 9),
       (117, '14', 'Phường', 1, 9),
       (118, '15', 'Phường', 1, 9),
       (119, '17', 'Phường', 1, 9),
       (120, '2', 'Phường', 1, 9),
       (121, '25', 'Phường', 1, 9),
       (122, '3', 'Phường', 1, 9),
       (123, '4', 'Phường', 1, 9),
       (124, '5', 'Phường', 1, 9),
       (125, '6', 'Phường', 1, 9),
       (126, '7', 'Phường', 1, 9),
       (127, '8', 'Phường', 1, 9),
       (128, '9', 'Phường', 1, 9),
       (129, 'Bến Nghé', 'Phường', 1, 10),
       (130, 'Bến Thành', 'Phường', 1, 10),
       (131, 'Cầu Kho', 'Phường', 1, 10),
       (132, 'Cầu Ông Lãnh', 'Phường', 1, 10),
       (133, 'Cô Giang', 'Phường', 1, 10),
       (134, 'Đa Kao', 'Phường', 1, 10),
       (135, 'Nguyễn Cư Trinh', 'Phường', 1, 10),
       (136, 'Nguyễn Thái Bình', 'Phường', 1, 10),
       (137, 'Phạm Ngũ Lão', 'Phường', 1, 10),
       (138, 'Tân Định', 'Phường', 1, 10),
       (139, '1', 'Phường', 1, 11),
       (140, '10', 'Phường', 1, 11),
       (141, '11', 'Phường', 1, 11),
       (142, '12', 'Phường', 1, 11),
       (143, '13', 'Phường', 1, 11),
       (144, '14', 'Phường', 1, 11),
       (145, '15', 'Phường', 1, 11),
       (146, '2', 'Phường', 1, 11),
       (147, '3', 'Phường', 1, 11),
       (148, '4', 'Phường', 1, 11),
       (149, '5', 'Phường', 1, 11),
       (150, '6', 'Phường', 1, 11),
       (151, '7', 'Phường', 1, 11),
       (152, '8', 'Phường', 1, 11),
       (153, '9', 'Phường', 1, 11),
       (154, '1', 'Phường', 1, 12),
       (155, '10', 'Phường', 1, 12),
       (156, '11', 'Phường', 1, 12),
       (157, '12', 'Phường', 1, 12),
       (158, '13', 'Phường', 1, 12),
       (159, '14', 'Phường', 1, 12),
       (160, '15', 'Phường', 1, 12),
       (161, '16', 'Phường', 1, 12),
       (162, '2', 'Phường', 1, 12),
       (163, '3', 'Phường', 1, 12),
       (164, '4', 'Phường', 1, 12),
       (165, '5', 'Phường', 1, 12),
       (166, '6', 'Phường', 1, 12),
       (167, '7', 'Phường', 1, 12),
       (168, '8', 'Phường', 1, 12),
       (169, '9', 'Phường', 1, 12),
       (170, 'An Phú Đông', 'Phường', 1, 13),
       (171, 'Đông Hưng Thuận', 'Phường', 1, 13),
       (172, 'Hiệp Thành', 'Phường', 1, 13),
       (173, 'Tân Chánh Hiệp', 'Phường', 1, 13),
       (174, 'Tân Hưng Thuận', 'Phường', 1, 13),
       (175, 'Tân Thới Hiệp', 'Phường', 1, 13),
       (176, 'Tân Thới Nhất', 'Phường', 1, 13),
       (177, 'Thạnh Lộc', 'Phường', 1, 13),
       (178, 'Thạnh Xuân', 'Phường', 1, 13),
       (179, 'Thới An', 'Phường', 1, 13),
       (180, 'Trung Mỹ Tây', 'Phường', 1, 13),
       (181, ' Thạnh Mỹ Lợi', 'Phường', 1, 14),
       (182, 'An Khánh', 'Phường', 1, 14),
       (183, 'An Lợi Đông', 'Phường', 1, 14),
       (184, 'An Phú', 'Phường', 1, 14),
       (185, 'Bình An', 'Phường', 1, 14),
       (186, 'Bình Khánh', 'Phường', 1, 14),
       (187, 'Bình Trưng Đông', 'Phường', 1, 14),
       (188, 'Bình Trưng Tây', 'Phường', 1, 14),
       (189, 'Cát Lái', 'Phường', 1, 14),
       (190, 'Thảo Điền', 'Phường', 1, 14),
       (191, 'Thủ Thiêm', 'Phường', 1, 14),
       (192, '1', 'Phường', 1, 15),
       (193, '10', 'Phường', 1, 15),
       (194, '11', 'Phường', 1, 15),
       (195, '12', 'Phường', 1, 15),
       (196, '13', 'Phường', 1, 15),
       (197, '14', 'Phường', 1, 15),
       (198, '2', 'Phường', 1, 15),
       (199, '3', 'Phường', 1, 15),
       (200, '4', 'Phường', 1, 15),
       (201, '5', 'Phường', 1, 15),
       (202, '6', 'Phường', 1, 15),
       (203, '7', 'Phường', 1, 15),
       (204, '8', 'Phường', 1, 15),
       (205, '9', 'Phường', 1, 15),
       (206, '1', 'Phường', 1, 16),
       (207, '10', 'Phường', 1, 16),
       (208, '12', 'Phường', 1, 16),
       (209, '13', 'Phường', 1, 16),
       (210, '14', 'Phường', 1, 16),
       (211, '15', 'Phường', 1, 16),
       (212, '16', 'Phường', 1, 16),
       (213, '18', 'Phường', 1, 16),
       (214, '2', 'Phường', 1, 16),
       (215, '3', 'Phường', 1, 16),
       (216, '4', 'Phường', 1, 16),
       (217, '5', 'Phường', 1, 16),
       (218, '6', 'Phường', 1, 16),
       (219, '8', 'Phường', 1, 16),
       (220, '9', 'Phường', 1, 16),
       (221, '1', 'Phường', 1, 17),
       (222, '10', 'Phường', 1, 17),
       (223, '11', 'Phường', 1, 17),
       (224, '12', 'Phường', 1, 17),
       (225, '13', 'Phường', 1, 17),
       (226, '14', 'Phường', 1, 17),
       (227, '15', 'Phường', 1, 17),
       (228, '2', 'Phường', 1, 17),
       (229, '3', 'Phường', 1, 17),
       (230, '4', 'Phường', 1, 17),
       (231, '5', 'Phường', 1, 17),
       (232, '6', 'Phường', 1, 17),
       (233, '7', 'Phường', 1, 17),
       (234, '8', 'Phường', 1, 17),
       (235, '9', 'Phường', 1, 17),
       (236, '1', 'Phường', 1, 18),
       (237, '10', 'Phường', 1, 18),
       (238, '11', 'Phường', 1, 18),
       (239, '12', 'Phường', 1, 18),
       (240, '13', 'Phường', 1, 18),
       (241, '14', 'Phường', 1, 18),
       (242, '2', 'Phường', 1, 18),
       (243, '3', 'Phường', 1, 18),
       (244, '4', 'Phường', 1, 18),
       (245, '5', 'Phường', 1, 18),
       (246, '6', 'Phường', 1, 18),
       (247, '7', 'Phường', 1, 18),
       (248, '8', 'Phường', 1, 18),
       (249, '9', 'Phường', 1, 18),
       (250, 'Bình Thuận', 'Phường', 1, 19),
       (251, 'Phú Mỹ', 'Phường', 1, 19),
       (252, 'Phú Thuận', 'Phường', 1, 19),
       (253, 'Tân Hưng', 'Phường', 1, 19),
       (254, 'Tân Kiểng', 'Phường', 1, 19),
       (255, 'Tân Phong', 'Phường', 1, 19),
       (256, 'Tân Phú', 'Phường', 1, 19),
       (257, 'Tân Quy', 'Phường', 1, 19),
       (258, 'Tân Thuận Đông', 'Phường', 1, 19),
       (259, 'Tân Thuận Tây', 'Phường', 1, 19),
       (260, '1', 'Phường', 1, 20),
       (261, '10', 'Phường', 1, 20),
       (262, '11', 'Phường', 1, 20),
       (263, '12', 'Phường', 1, 20),
       (264, '13', 'Phường', 1, 20),
       (265, '14', 'Phường', 1, 20),
       (266, '15', 'Phường', 1, 20),
       (267, '16', 'Phường', 1, 20),
       (268, '2', 'Phường', 1, 20),
       (269, '3', 'Phường', 1, 20),
       (270, '4', 'Phường', 1, 20),
       (271, '5', 'Phường', 1, 20),
       (272, '6', 'Phường', 1, 20),
       (273, '7', 'Phường', 1, 20),
       (274, '8', 'Phường', 1, 20),
       (275, '9', 'Phường', 1, 20),
       (276, 'Hiệp Phú', 'Phường', 1, 21),
       (277, 'Long Bình', 'Phường', 1, 21),
       (278, 'Long Phước', 'Phường', 1, 21),
       (279, 'Long Thạnh Mỹ', 'Phường', 1, 21),
       (280, 'Long Trường', 'Phường', 1, 21),
       (281, 'Phú Hữu', 'Phường', 1, 21),
       (282, 'Phước Bình', 'Phường', 1, 21),
       (283, 'Phước Long A', 'Phường', 1, 21),
       (284, 'Phước Long B', 'Phường', 1, 21),
       (285, 'Tân Phú', 'Phường', 1, 21),
       (286, 'Tăng Nhơn Phú A', 'Phường', 1, 21),
       (287, 'Tăng Nhơn Phú B', 'Phường', 1, 21),
       (288, 'Trường Thạnh', 'Phường', 1, 21),
       (289, '1', 'Phường', 1, 22),
       (290, '10', 'Phường', 1, 22),
       (291, '11', 'Phường', 1, 22),
       (292, '12', 'Phường', 1, 22),
       (293, '13', 'Phường', 1, 22),
       (294, '14', 'Phường', 1, 22),
       (295, '15', 'Phường', 1, 22),
       (296, '2', 'Phường', 1, 22),
       (297, '3', 'Phường', 1, 22),
       (298, '4', 'Phường', 1, 22),
       (299, '5', 'Phường', 1, 22),
       (300, '6', 'Phường', 1, 22),
       (301, '7', 'Phường', 1, 22),
       (302, '8', 'Phường', 1, 22),
       (303, '9', 'Phường', 1, 22),
       (304, 'Hiệp Tân', 'Phường', 1, 23),
       (305, 'Hòa Thạnh', 'Phường', 1, 23),
       (306, 'Phú Thạnh', 'Phường', 1, 23),
       (307, 'Phú Thọ Hòa', 'Phường', 1, 23),
       (308, 'Phú Trung', 'Phường', 1, 23),
       (309, 'Sơn Kỳ', 'Phường', 1, 23),
       (310, 'Tân Quý', 'Phường', 1, 23),
       (311, 'Tân Sơn Nhì', 'Phường', 1, 23),
       (312, 'Tân Thành', 'Phường', 1, 23),
       (313, 'Tân Thới Hòa', 'Phường', 1, 23),
       (314, 'Tây Thạnh', 'Phường', 1, 23),
       (315, 'Bình Chiểu', 'Phường', 1, 24),
       (316, 'Bình Thọ', 'Phường', 1, 24),
       (317, 'Hiệp Bình Chánh', 'Phường', 1, 24),
       (318, 'Hiệp Bình Phước', 'Phường', 1, 24),
       (319, 'Linh Chiểu', 'Phường', 1, 24),
       (320, 'Linh Đông', 'Phường', 1, 24),
       (321, 'Linh Tây', 'Phường', 1, 24),
       (322, 'Linh Trung', 'Phường', 1, 24),
       (323, 'Linh Xuân', 'Phường', 1, 24),
       (324, 'Tam Bình', 'Phường', 1, 24),
       (325, 'Tam Phú', 'Phường', 1, 24),
       (326, 'Trường Thọ', 'Phường', 1, 24),
       (327, 'Cống Vị', 'Phường', 2, 25),
       (328, 'Điện Biên', 'Phường', 2, 25),
       (329, 'Đội Cấn', 'Phường', 2, 25),
       (330, 'Giảng Võ', 'Phường', 2, 25),
       (331, 'Kim Mã', 'Phường', 2, 25),
       (332, 'Liễu Giai', 'Phường', 2, 25),
       (333, 'Ngọc Hà', 'Phường', 2, 25),
       (334, 'Ngọc Khánh', 'Phường', 2, 25),
       (335, 'Nguyễn Trung Trực', 'Phường', 2, 25),
       (336, 'Phúc Xá', 'Phường', 2, 25),
       (449, 'Kim Nỗ', 'Xã', 2, 31),
       (337, 'Quán Thánh', 'Phường', 2, 25),
       (338, 'Thành Công', 'Phường', 2, 25),
       (339, 'Trúc Bạch', 'Phường', 2, 25),
       (340, 'Vĩnh Phúc', 'Phường', 2, 25),
       (341, 'Ba Trại', 'Xã', 2, 26),
       (342, 'Ba Vì', 'Xã', 2, 26),
       (343, 'Cẩm Lĩnh', 'Xã', 2, 26),
       (344, 'Cam Thượng', 'Xã', 2, 26),
       (345, 'Châu Sơn', 'Xã', 2, 26),
       (346, 'Chu Minh', 'Xã', 2, 26),
       (347, 'Cổ Đô', 'Xã', 2, 26),
       (348, 'Đông Quang', 'Xã', 2, 26),
       (349, 'Đồng Thái', 'Xã', 2, 26),
       (350, 'Khánh Thượng', 'Xã', 2, 26),
       (351, 'Minh Châu', 'Xã', 2, 26),
       (352, 'Minh Quang', 'Xã', 2, 26),
       (353, 'Phong Vân', 'Xã', 2, 26),
       (354, 'Phú Châu', 'Xã', 2, 26),
       (355, 'Phú Cường', 'Xã', 2, 26),
       (356, 'Phú Đông', 'Xã', 2, 26),
       (357, 'Phú Phương', 'Xã', 2, 26),
       (358, 'Phú Sơn', 'Xã', 2, 26),
       (359, 'Sơn Đà', 'Xã', 2, 26),
       (360, 'Tản Hồng', 'Xã', 2, 26),
       (361, 'Tản Lĩnh', 'Xã', 2, 26),
       (362, 'Tây Đằng', 'Thị trấn', 2, 26),
       (363, 'Thái Hòa', 'Xã', 2, 26),
       (364, 'Thuần Mỹ', 'Xã', 2, 26),
       (365, 'Thụy An', 'Xã', 2, 26),
       (366, 'Tiên Phong', 'Xã', 2, 26),
       (367, 'Tòng Bạt', 'Xã', 2, 26),
       (368, 'Vân Hòa', 'Xã', 2, 26),
       (369, 'Vạn Thắng', 'Xã', 2, 26),
       (370, 'Vật Lại', 'Xã', 2, 26),
       (371, 'Yên Bài', 'Xã', 2, 26),
       (372, 'Cổ Nhuế 1', 'Phường', 2, 27),
       (373, 'Cổ Nhuế 2', 'Phường', 2, 27),
       (374, 'Đông Ngạc', 'Xã', 2, 27),
       (375, 'Đức Thắng', 'Phường', 2, 27),
       (376, 'Liên Mạc', 'Xã', 2, 27),
       (377, 'Minh Khai', 'Xã', 2, 27),
       (378, 'Phú Diễn', 'Phường', 2, 27),
       (379, 'Phúc Diễn', 'Phường', 2, 27),
       (380, 'Tây Tựu', 'Xã', 2, 27),
       (381, 'Thượng Cát', 'Xã', 2, 27),
       (382, 'Thụy Phương', 'Xã', 2, 27),
       (383, 'Xuân Đỉnh', 'Phường', 2, 27),
       (384, 'Xuân Tảo', 'Phường', 2, 27),
       (385, 'Dịch Vọng', 'Phường', 2, 28),
       (386, 'Dịch Vọng Hậu', 'Phường', 2, 28),
       (387, 'Mai Dịch', 'Phường', 2, 28),
       (388, 'Nghĩa Đô', 'Phường', 2, 28),
       (389, 'Nghĩa Tân', 'Phường', 2, 28),
       (390, 'Quan Hoa', 'Phường', 2, 28),
       (391, 'Trung Hòa', 'Phường', 2, 28),
       (392, 'Yên Hòa', 'Phường', 2, 28),
       (393, 'Chúc Sơn', 'Thị trấn', 2, 29),
       (394, 'Đại Yên', 'Xã', 2, 29),
       (395, 'Đồng Lạc', 'Xã', 2, 29),
       (396, 'Đồng Phú', 'Xã', 2, 29),
       (397, 'Đông Phương Yên', 'Xã', 2, 29),
       (398, 'Đông Sơn', 'Xã', 2, 29),
       (399, 'Hoà Chính', 'Xã', 2, 29),
       (400, 'Hoàng Diệu', 'Xã', 2, 29),
       (401, 'Hoàng Văn Thụ', 'Xã', 2, 29),
       (402, 'Hồng Phong', 'Xã', 2, 29),
       (403, 'Hợp Đồng', 'Xã', 2, 29),
       (404, 'Hữu Văn', 'Xã', 2, 29),
       (405, 'Lam Điền', 'Xã', 2, 29),
       (406, 'Mỹ Lương', 'Xã', 2, 29),
       (407, 'Nam Phương Tiến', 'Xã', 2, 29),
       (408, 'Ngọc Hòa', 'Xã', 2, 29),
       (409, 'Phú Nam An', 'Xã', 2, 29),
       (410, 'Phú Nghĩa', 'Xã', 2, 29),
       (411, 'Phụng Châu', 'Xã', 2, 29),
       (412, 'Quảng Bị', 'Xã', 2, 29),
       (413, 'Tân Tiến', 'Xã', 2, 29),
       (414, 'Thanh Bình', 'Xã', 2, 29),
       (415, 'Thượng Vực', 'Xã', 2, 29),
       (416, 'Thụy Hương', 'Xã', 2, 29),
       (417, 'Thuỷ Xuân Tiên', 'Xã', 2, 29),
       (418, 'Tiên Phương', 'Xã', 2, 29),
       (419, 'Tốt Động', 'Xã', 2, 29),
       (420, 'Trần Phú', 'Xã', 2, 29),
       (421, 'Trung Hòa', 'Xã', 2, 29),
       (422, 'Trường Yên', 'Xã', 2, 29),
       (423, 'Văn Võ', 'Xã', 2, 29),
       (424, 'Xuân Mai', 'Thị trấn', 2, 29),
       (425, 'Đan Phượng', 'Xã', 2, 30),
       (426, 'Đồng Tháp', 'Xã', 2, 30),
       (427, 'Hạ Mỗ', 'Xã', 2, 30),
       (428, 'Hồng Hà', 'Xã', 2, 30),
       (429, 'Liên Hà', 'Xã', 2, 30),
       (430, 'Liên Hồng', 'Xã', 2, 30),
       (431, 'Liên Trung', 'Xã', 2, 30),
       (432, 'Phùng', 'Thị trấn', 2, 30),
       (433, 'Phương Đình', 'Xã', 2, 30),
       (434, 'Song Phượng', 'Xã', 2, 30),
       (435, 'Tân Hội', 'Xã', 2, 30),
       (436, 'Tân Lập', 'Xã', 2, 30),
       (437, 'Thọ An', 'Xã', 2, 30),
       (438, 'Thọ Xuân', 'Xã', 2, 30),
       (439, 'Thượng Mỗ', 'Xã', 2, 30),
       (440, 'Trung Châu', 'Xã', 2, 30),
       (441, 'Bắc Hồng', 'Xã', 2, 31),
       (442, 'Cổ Loa', 'Xã', 2, 31),
       (443, 'Đại Mạch', 'Xã', 2, 31),
       (444, 'Đông Anh', 'Thị trấn', 2, 31),
       (445, 'Đông Hội', 'Xã', 2, 31),
       (446, 'Dục Tú', 'Xã', 2, 31),
       (447, 'Hải Bối', 'Xã', 2, 31),
       (448, 'Kim Chung', 'Xã', 2, 31),
       (450, 'Liên Hà', 'Xã', 2, 31),
       (451, 'Mai Lâm', 'Xã', 2, 31),
       (452, 'Nam Hồng', 'Xã', 2, 31),
       (453, 'Nguyên Khê', 'Xã', 2, 31),
       (454, 'Tàm Xá', 'Xã', 2, 31),
       (455, 'Tầm Xá', 'Xã', 2, 31),
       (456, 'Thụy Lâm', 'Xã', 2, 31),
       (457, 'Tiên Dương', 'Xã', 2, 31),
       (458, 'Uy Nỗ', 'Xã', 2, 31),
       (459, 'Vân Hà', 'Xã', 2, 31),
       (460, 'Vân Nội', 'Xã', 2, 31),
       (461, 'Việt Hùng', 'Xã', 2, 31),
       (462, 'Vĩnh Ngọc', 'Xã', 2, 31),
       (463, 'Võng La', 'Xã', 2, 31),
       (464, 'Xuân Canh', 'Xã', 2, 31),
       (465, 'Xuân Nộn', 'Xã', 2, 31),
       (466, 'Cát Linh', 'Phường', 2, 32),
       (467, 'Hàng Bột', 'Phường', 2, 32),
       (468, 'Khâm Thiên', 'Phường', 2, 32),
       (469, 'Khương Thượng', 'Phường', 2, 32),
       (470, 'Kim Liên', 'Phường', 2, 32),
       (471, 'Láng Hạ', 'Phường', 2, 32),
       (472, 'Láng Thượng', 'Phường', 2, 32),
       (473, 'Nam Đồng', 'Phường', 2, 32),
       (474, 'Ngã Tư Sở', 'Phường', 2, 32),
       (475, 'Ô Chợ Dừa', 'Phường', 2, 32),
       (476, 'Phương Liên', 'Phường', 2, 32),
       (477, 'Phương Mai', 'Phường', 2, 32),
       (478, 'Quang Trung', 'Phường', 2, 32),
       (479, 'Quốc Tử Giám', 'Phường', 2, 32),
       (480, 'Thịnh Quang', 'Phường', 2, 32),
       (481, 'Thổ Quan', 'Phường', 2, 32),
       (482, 'Trung Liệt', 'Phường', 2, 32),
       (483, 'Trung Phụng', 'Phường', 2, 32),
       (484, 'Trung Tự', 'Phường', 2, 32),
       (485, 'Văn Chương', 'Phường', 2, 32),
       (486, 'Văn Miếu', 'Phường', 2, 32),
       (487, 'Bát Tràng', 'Xã', 2, 33),
       (488, 'Cổ Bi', 'Xã', 2, 33),
       (489, 'Đa Tốn', 'Xã', 2, 33),
       (490, 'Đặng Xá', 'Xã', 2, 33),
       (491, 'Đình Xuyên', 'Xã', 2, 33),
       (492, 'Đông Dư', 'Xã', 2, 33),
       (493, 'Dương Hà', 'Xã', 2, 33),
       (494, 'Dương Quang', 'Xã', 2, 33),
       (495, 'Dương Xá', 'Xã', 2, 33),
       (496, 'Kiêu Kỵ', 'Xã', 2, 33),
       (497, 'Kim Lan', 'Thị trấn', 2, 33),
       (498, 'Kim Sơn', 'Xã', 2, 33),
       (499, 'Lệ Chi', 'Xã', 2, 33),
       (500, 'Ninh Hiệp', 'Xã', 2, 33),
       (501, 'Phù Đổng', 'Xã', 2, 33),
       (502, 'Phú Thị', 'Xã', 2, 33),
       (503, 'Trâu Quỳ', 'Thị trấn', 2, 33),
       (504, 'Trung Mầu', 'Xã', 2, 33),
       (505, 'Văn Đức', 'Xã', 2, 33),
       (506, 'Yên Thường', 'Xã', 2, 33),
       (507, 'Yên Viên', 'Thị trấn', 2, 33),
       (508, 'Yên Viên', 'Xã', 2, 33),
       (509, 'Biên Giang', 'Phường', 2, 34),
       (510, 'Đồng Mai', 'Phường', 2, 34),
       (511, 'Dương Nội', 'Phường', 2, 34),
       (512, 'Hà Cầu', 'Phường', 2, 34),
       (513, 'Kiến Hưng', 'Phường', 2, 34),
       (514, 'La Khê', 'Phường', 2, 34),
       (515, 'Mỗ Lao', 'Phường', 2, 34),
       (516, 'Nguyễn Trãi', 'Phường', 2, 34),
       (517, 'Phú La', 'Phường', 2, 34),
       (518, 'Phú Lãm', 'Phường', 2, 34),
       (519, 'Phú Lương', 'Phường', 2, 34),
       (520, 'Phúc La', 'Phường', 2, 34),
       (521, 'Quang Trung', 'Phường', 2, 34),
       (522, 'Vạn Phúc', 'Phường', 2, 34),
       (523, 'Văn Quán', 'Phường', 2, 34),
       (524, 'Yên Nghĩa', 'Phường', 2, 34),
       (525, 'Yết Kiêu', 'Phường', 2, 34),
       (526, 'Bạch Đằng', 'Phường', 2, 35),
       (527, 'Bách Khoa', 'Phường', 2, 35),
       (528, 'Bạch Mai', 'Phường', 2, 35),
       (529, 'Bùi Thị Xuân', 'Phường', 2, 35),
       (530, 'Cầu Dền', 'Phường', 2, 35),
       (531, 'Đống Mác', 'Phường', 2, 35),
       (532, 'Đồng Nhân', 'Phường', 2, 35),
       (533, 'Đồng Tâm', 'Phường', 2, 35),
       (534, 'Lê Đại Hành', 'Phường', 2, 35),
       (535, 'Minh Khai', 'Phường', 2, 35),
       (536, 'Ngô Thì Nhậm', 'Phường', 2, 35),
       (537, 'Nguyễn Du', 'Phường', 2, 35),
       (538, 'Phạm Đình Hổ', 'Phường', 2, 35),
       (539, 'Phố Huế', 'Phường', 2, 35),
       (540, 'Quỳnh Lôi', 'Phường', 2, 35),
       (541, 'Quỳnh Mai', 'Phường', 2, 35),
       (542, 'Thanh Lương', 'Phường', 2, 35),
       (543, 'Thanh Nhàn', 'Phường', 2, 35),
       (544, 'Trương Định', 'Phường', 2, 35),
       (545, 'Vĩnh Tuy', 'Phường', 2, 35),
       (546, 'An Khánh', 'Xã', 2, 36),
       (547, 'An Thượng', 'Xã', 2, 36),
       (548, 'Cát Quế', 'Xã', 2, 36),
       (549, 'Đắc Sở', 'Xã', 2, 36),
       (550, 'Di Trạch', 'Xã', 2, 36),
       (551, 'Đông La', 'Xã', 2, 36),
       (552, 'Đức Giang', 'Xã', 2, 36),
       (553, 'Đức Thượng', 'Xã', 2, 36),
       (554, 'Dương Liễu', 'Xã', 2, 36),
       (555, 'Kim Chung', 'Xã', 2, 36),
       (556, 'La Phù', 'Xã', 2, 36),
       (557, 'Lại Yên', 'Xã', 2, 36),
       (558, 'Minh Khai', 'Xã', 2, 36),
       (559, 'Sơn Đồng', 'Xã', 2, 36),
       (560, 'Song Phương', 'Xã', 2, 36),
       (561, 'Tiền Yên', 'Xã', 2, 36),
       (562, 'Trạm Trôi', 'Thị trấn', 2, 36),
       (563, 'Vân Canh', 'Xã', 2, 36),
       (564, 'Vân Côn', 'Xã', 2, 36),
       (565, 'Yên Sở', 'Xã', 2, 36),
       (566, 'Chương Dương Độ', 'Phường', 2, 37),
       (567, 'Cửa Đông', 'Phường', 2, 37),
       (568, 'Cửa Nam', 'Phường', 2, 37),
       (569, 'Đồng Xuân', 'Phường', 2, 37),
       (570, 'Hàng Bạc', 'Phường', 2, 37),
       (571, 'Hàng Bài', 'Phường', 2, 37),
       (572, 'Hàng Bồ', 'Phường', 2, 37),
       (573, 'Hàng Bông', 'Phường', 2, 37),
       (574, 'Hàng Buồm', 'Phường', 2, 37),
       (575, 'Hàng Đào', 'Phường', 2, 37),
       (576, 'Hàng Gai', 'Phường', 2, 37),
       (577, 'Hàng Mã', 'Phường', 2, 37),
       (578, 'Hàng Trống', 'Phường', 2, 37),
       (579, 'Lý Thái Tổ', 'Phường', 2, 37),
       (580, 'Phan Chu Trinh', 'Phường', 2, 37),
       (581, 'Phúc Tân', 'Phường', 2, 37),
       (582, 'Trần Hưng Đạo', 'Phường', 2, 37),
       (583, 'Tràng Tiền', 'Phường', 2, 37),
       (584, 'Đại Kim', 'Phường', 2, 38),
       (585, 'Định Công', 'Phường', 2, 38),
       (586, 'Giáp Bát', 'Phường', 2, 38),
       (587, 'Hoàng Liệt', 'Phường', 2, 38),
       (588, 'Hoàng Văn Thụ', 'Phường', 2, 38),
       (589, 'Lĩnh Nam', 'Phường', 2, 38),
       (590, 'Mai Động', 'Phường', 2, 38),
       (591, 'Tân Mai', 'Phường', 2, 38),
       (592, 'Thanh Trì', 'Phường', 2, 38),
       (593, 'Thịnh Liệt', 'Phường', 2, 38),
       (594, 'Trần Phú', 'Phường', 2, 38),
       (595, 'Tương Mai', 'Phường', 2, 38),
       (596, 'Vĩnh Hưng', 'Phường', 2, 38),
       (597, 'Yên Sở', 'Phường', 2, 38),
       (598, 'Bồ Đề', 'Phường', 2, 39),
       (599, 'Cự Khối', 'Phường', 2, 39),
       (600, 'Đức Giang', 'Phường', 2, 39),
       (601, 'Gia Thụy', 'Phường', 2, 39),
       (602, 'Giang Biên', 'Phường', 2, 39),
       (603, 'Long Biên', 'Phường', 2, 39),
       (604, 'Ngọc Lâm', 'Phường', 2, 39),
       (605, 'Ngọc Thụy', 'Phường', 2, 39),
       (606, 'Phúc Đồng', 'Phường', 2, 39),
       (607, 'Phúc Lợi', 'Phường', 2, 39),
       (608, 'Sài Đồng', 'Phường', 2, 39),
       (609, 'Thạch Bàn', 'Phường', 2, 39),
       (610, 'Thượng Thanh', 'Phường', 2, 39),
       (611, 'Việt Hưng', 'Phường', 2, 39),
       (612, 'Chi Đông', 'Thị trấn', 2, 40),
       (613, 'Chu Phan', 'Xã', 2, 40),
       (614, 'Đại Thịnh', 'Xã', 2, 40),
       (615, 'Hoàng Kim', 'Xã', 2, 40),
       (616, 'Kim Hoa', 'Xã', 2, 40),
       (617, 'Liên Mạc', 'Xã', 2, 40),
       (618, 'Mê Linh', 'Xã', 2, 40),
       (619, 'Quang Minh', 'Thị trấn', 2, 40),
       (620, 'Tam Đồng', 'Xã', 2, 40),
       (621, 'Thạch Đà', 'Xã', 2, 40),
       (622, 'Thanh Lâm', 'Xã', 2, 40),
       (623, 'Tiền Phong', 'Xã', 2, 40),
       (624, 'Tiến Thắng', 'Xã', 2, 40),
       (625, 'Tiến Thịnh', 'Xã', 2, 40),
       (626, 'Tráng Việt', 'Xã', 2, 40),
       (627, 'Tự Lập', 'Xã', 2, 40),
       (628, 'Văn Khê', 'Xã', 2, 40),
       (629, 'Vạn Yên', 'Xã', 2, 40),
       (630, 'An Mỹ', 'Xã', 2, 41),
       (631, 'An Phú', 'Xã', 2, 41),
       (632, 'An Tiến', 'Xã', 2, 41),
       (633, 'Bột Xuyên', 'Xã', 2, 41),
       (634, 'Đại Hưng', 'Xã', 2, 41),
       (635, 'Đại Nghĩa', 'Thị trấn', 2, 41),
       (636, 'Đốc Tín', 'Xã', 2, 41),
       (637, 'Đồng Tâm', 'Xã', 2, 41),
       (638, 'Hồng Sơn', 'Xã', 2, 41),
       (639, 'Hợp Thanh', 'Xã', 2, 41),
       (640, 'Hợp Tiến', 'Xã', 2, 41),
       (641, 'Hùng Tiến', 'Xã', 2, 41),
       (642, 'Hương Sơn', 'Xã', 2, 41),
       (643, 'Lê Thanh', 'Xã', 2, 41),
       (644, 'Mỹ Thành', 'Xã', 2, 41),
       (645, 'Phù Lưu Tế', 'Xã', 2, 41),
       (646, 'Phúc Lâm', 'Xã', 2, 41),
       (647, 'Phùng Xá', 'Xã', 2, 41),
       (648, 'Thượng Lâm', 'Xã', 2, 41),
       (649, 'Tuy Lai', 'Xã', 2, 41),
       (650, 'Vạn Kim', 'Xã', 2, 41),
       (651, 'Xuy Xá', 'Xã', 2, 41),
       (652, 'Cầu Diễn', 'Thị trấn', 2, 42),
       (653, 'Đại Mỗ', 'Xã', 2, 42),
       (654, 'Mễ Trì', 'Xã', 2, 42),
       (655, 'Mỹ Đình 1', 'Phường', 2, 42),
       (656, 'Mỹ Đình 2', 'Phường', 2, 42),
       (657, 'Phú Đô', 'Xã', 2, 42),
       (658, 'Phương Canh', 'Phường', 2, 42),
       (659, 'Tây Mỗ', 'Xã', 2, 42),
       (660, 'Trung Văn', 'Xã', 2, 42),
       (661, 'Xuân Phương', 'Phường', 2, 42),
       (662, 'Bạch Hạ', 'Xã', 2, 43),
       (663, 'Châu Can', 'Xã', 2, 43),
       (664, 'Chuyên Mỹ', 'Xã', 2, 43),
       (665, 'Đại Thắng', 'Xã', 2, 43),
       (666, 'Đại Xuyên', 'Xã', 2, 43),
       (667, 'Hoàng Long', 'Xã', 2, 43),
       (668, 'Hồng Minh', 'Xã', 2, 43),
       (669, 'Hồng Thái', 'Xã', 2, 43),
       (670, 'Khai Thái', 'Xã', 2, 43),
       (671, 'Minh Tân', 'Xã', 2, 43),
       (672, 'Nam Phong', 'Xã', 2, 43),
       (673, 'Nam Triều', 'Xã', 2, 43),
       (674, 'Phú Minh', 'Thị trấn', 2, 43),
       (675, 'Phú Túc', 'Xã', 2, 43),
       (676, 'Phú Xuyên', 'Thị trấn', 2, 43),
       (677, 'Phú Yên', 'Xã', 2, 43),
       (678, 'Phúc Tiến', 'Xã', 2, 43),
       (679, 'Phượng Dực', 'Xã', 2, 43),
       (680, 'Quang Lãng', 'Xã', 2, 43),
       (681, 'Quang Trung', 'Xã', 2, 43),
       (682, 'Sơn Hà', 'Xã', 2, 43),
       (683, 'Tân Dân', 'Xã', 2, 43),
       (684, 'Thụy Phú', 'Xã', 2, 43),
       (685, 'Tri Thủy', 'Xã', 2, 43),
       (686, 'Tri Trung', 'Xã', 2, 43),
       (687, 'Văn Hoàng', 'Xã', 2, 43),
       (688, 'Văn Nhân', 'Xã', 2, 43),
       (689, 'Vân Từ', 'Xã', 2, 43),
       (690, 'Cẩm Đình', 'Xã', 2, 44),
       (691, 'Gạch', 'Thị trấn', 2, 44),
       (692, 'Hát Môn', 'Xã', 2, 44),
       (693, 'Hiệp Thuận', 'Xã', 2, 44),
       (694, 'Liên Hiệp', 'Xã', 2, 44),
       (695, 'Long Xuyên', 'Xã', 2, 44),
       (696, 'Ngọc Tảo', 'Xã', 2, 44),
       (697, 'Phúc Hòa', 'Xã', 2, 44),
       (698, 'Phúc Thọ', 'Thị trấn', 2, 44),
       (699, 'Phụng Thượng', 'Xã', 2, 44),
       (700, 'Phương Độ', 'Xã', 2, 44),
       (701, 'Sen Chiểu', 'Xã', 2, 44),
       (702, 'Tam Hiệp', 'Xã', 2, 44),
       (703, 'Tam Thuấn', 'Xã', 2, 44),
       (704, 'Thanh Đa', 'Xã', 2, 44),
       (705, 'Thọ Lộc', 'Xã', 2, 44),
       (706, 'Thượng Cốc', 'Xã', 2, 44),
       (707, 'Tích Giang', 'Xã', 2, 44),
       (708, 'Trạch Mỹ Lộc', 'Xã', 2, 44),
       (709, 'Vân Hà', 'Xã', 2, 44),
       (710, 'Vân Nam', 'Xã', 2, 44),
       (711, 'Vân Phúc', 'Xã', 2, 44),
       (712, 'Võng Xuyên', 'Xã', 2, 44),
       (713, 'Xuân Phú', 'Xã', 2, 44),
       (714, 'Cấn Hữu', 'Xã', 2, 45),
       (715, 'Cộng Hòa', 'Xã', 2, 45),
       (716, 'Đại Thành', 'Xã', 2, 45),
       (717, 'Đồng Quang', 'Xã', 2, 45),
       (718, 'Đông Xuân', 'Xã', 2, 45),
       (719, 'Đông Yên', 'Xã', 2, 45),
       (720, 'Hòa Thạch', 'Xã', 2, 45),
       (721, 'Liệp Tuyết', 'Xã', 2, 45),
       (722, 'Nghĩa Hương', 'Xã', 2, 45),
       (723, 'Ngọc Liệp', 'Xã', 2, 45),
       (724, 'Ngọc Mỹ', 'Xã', 2, 45),
       (725, 'Phú Cát', 'Xã', 2, 45),
       (726, 'Phú Mãn', 'Xã', 2, 45),
       (727, 'Phượng Cách', 'Xã', 2, 45),
       (728, 'Quốc Oai', 'Thị trấn', 2, 45),
       (729, 'Sài Sơn', 'Xã', 2, 45),
       (730, 'Tân Hòa', 'Xã', 2, 45),
       (731, 'Tân Phú', 'Xã', 2, 45),
       (732, 'Thạch Thán', 'Xã', 2, 45),
       (733, 'Tuyết Nghĩa', 'Xã', 2, 45),
       (734, 'Yên Sơn', 'Xã', 2, 45),
       (735, 'Bắc Phú', 'Xã', 2, 46),
       (736, 'Bắc Sơn', 'Xã', 2, 46),
       (737, 'Đông Xuân', 'Xã', 2, 46),
       (738, 'Đức Hoà', 'Xã', 2, 46),
       (739, 'Hiền Ninh', 'Xã', 2, 46),
       (740, 'Hồng Kỳ', 'Xã', 2, 46),
       (741, 'Kim Lũ', 'Xã', 2, 46),
       (742, 'Mai Đình', 'Xã', 2, 46),
       (743, 'Minh Phú', 'Xã', 2, 46),
       (744, 'Minh Trí', 'Xã', 2, 46),
       (745, 'Nam Sơn', 'Xã', 2, 46),
       (746, 'Phú Cường', 'Xã', 2, 46),
       (747, 'Phù Linh', 'Xã', 2, 46),
       (748, 'Phù Lỗ', 'Xã', 2, 46),
       (749, 'Phú Minh', 'Xã', 2, 46),
       (750, 'Quang Tiến', 'Xã', 2, 46),
       (751, 'Sóc Sơn', 'Thị trấn', 2, 46),
       (752, 'Tân Dân', 'Xã', 2, 46),
       (753, 'Tân Hưng', 'Xã', 2, 46),
       (754, 'Tân Minh', 'Xã', 2, 46),
       (755, 'Thanh Xuân', 'Xã', 2, 46),
       (756, 'Tiên Dược', 'Xã', 2, 46),
       (757, 'Trung Giã', 'Xã', 2, 46),
       (758, 'Việt Long', 'Xã', 2, 46),
       (759, 'Xuân Giang', 'Xã', 2, 46),
       (760, 'Xuân Thu', 'Xã', 2, 46),
       (761, 'Cổ Đông', 'Xã', 2, 47),
       (762, 'Đường Lâm', 'Xã', 2, 47),
       (763, 'Kim Sơn', 'Phường', 2, 47),
       (764, 'Lê Lợi', 'Phường', 2, 47),
       (765, 'Ngô Quyền', 'Phường', 2, 47),
       (766, 'Phú Thịnh', 'Phường', 2, 47),
       (767, 'Quang Trung', 'Phường', 2, 47),
       (768, 'Sơn Đông', 'Xã', 2, 47),
       (769, 'Sơn Lộc', 'Phường', 2, 47),
       (770, 'Thanh Mỹ', 'Xã', 2, 47),
       (771, 'Trung Hưng', 'Phường', 2, 47),
       (772, 'Trung Sơn Trầm', 'Phường', 2, 47),
       (773, 'Viên Sơn', 'Phường', 2, 47),
       (774, 'Xuân Khanh', 'Phường', 2, 47),
       (775, 'Xuân Sơn', 'Xã', 2, 47),
       (776, 'Bưởi', 'Phường', 2, 48),
       (777, 'Nhật Tân', 'Phường', 2, 48),
       (778, 'Phú Thượng', 'Phường', 2, 48),
       (779, 'Quảng An', 'Phường', 2, 48),
       (780, 'Thụy Khuê', 'Phường', 2, 48),
       (893, 'Hòa Phú', 'Xã', 2, 54),
       (781, 'Tứ Liên', 'Phường', 2, 48),
       (782, 'Xuân La', 'Phường', 2, 48),
       (783, 'Yên Phụ', 'Phường', 2, 48),
       (784, 'Bình Phú', 'Xã', 2, 49),
       (785, 'Bình Yên', 'Xã', 2, 49),
       (786, 'Cẩm Yên', 'Xã', 2, 49),
       (787, 'Cần Kiệm', 'Xã', 2, 49),
       (788, 'Canh Nậu', 'Xã', 2, 49),
       (789, 'Chàng Sơn', 'Xã', 2, 49),
       (790, 'Đại Đồng', 'Xã', 2, 49),
       (791, 'Dị Nậu', 'Xã', 2, 49),
       (792, 'Đồng Trúc', 'Xã', 2, 49),
       (793, 'Hạ Bằng', 'Xã', 2, 49),
       (794, 'Hương Ngải', 'Xã', 2, 49),
       (795, 'Hữu Bằng', 'Xã', 2, 49),
       (796, 'Kim Quan', 'Xã', 2, 49),
       (797, 'Lại Thượng', 'Xã', 2, 49),
       (798, 'Liên Quan', 'Thị trấn', 2, 49),
       (799, 'Phú Kim', 'Xã', 2, 49),
       (800, 'Phùng Xá', 'Xã', 2, 49),
       (801, 'Tân Xã', 'Xã', 2, 49),
       (802, 'Thạch Hòa', 'Xã', 2, 49),
       (803, 'Thạch Xá', 'Xã', 2, 49),
       (804, 'Tiến Xuân', 'Xã', 2, 49),
       (805, 'Yên Bình', 'Xã', 2, 49),
       (806, 'Yên Trung', 'Xã', 2, 49),
       (807, 'Bích Hòa', 'Xã', 2, 50),
       (808, 'Bình Minh', 'Xã', 2, 50),
       (809, 'Cao Dương', 'Xã', 2, 50),
       (810, 'Cao Viên', 'Xã', 2, 50),
       (811, 'Cự Khê', 'Xã', 2, 50),
       (812, 'Dân Hòa', 'Xã', 2, 50),
       (813, 'Đỗ Động', 'Xã', 2, 50),
       (814, 'Hồng Dương', 'Xã', 2, 50),
       (815, 'Kim An', 'Xã', 2, 50),
       (816, 'Kim Bài', 'Thị trấn', 2, 50),
       (817, 'Kim Thư', 'Xã', 2, 50),
       (818, 'Liên Châu', 'Xã', 2, 50),
       (819, 'Mỹ Hưng', 'Xã', 2, 50),
       (820, 'Phương Trung', 'Xã', 2, 50),
       (821, 'Tam Hưng', 'Xã', 2, 50),
       (822, 'Tân Ước', 'Xã', 2, 50),
       (823, 'Thanh Cao', 'Xã', 2, 50),
       (824, 'Thanh Mai', 'Xã', 2, 50),
       (825, 'Thanh Thùy', 'Xã', 2, 50),
       (826, 'Thanh Văn', 'Xã', 2, 50),
       (827, 'Xuân Dương', 'Xã', 2, 50),
       (828, 'Đại Áng', 'Xã', 2, 51),
       (829, 'Đông Mỹ', 'Xã', 2, 51),
       (830, 'Duyên Hà', 'Xã', 2, 51),
       (831, 'Hữu Hòa', 'Xã', 2, 51),
       (832, 'Liên Ninh', 'Xã', 2, 51),
       (833, 'Ngọc Hồi', 'Xã', 2, 51),
       (834, 'Ngũ Hiệp', 'Xã', 2, 51),
       (835, 'Tả Thanh Oai', 'Xã', 2, 51),
       (836, 'Tam Hiệp', 'Xã', 2, 51),
       (837, 'Tân Triều', 'Xã', 2, 51),
       (838, 'Thanh Liệt', 'Xã', 2, 51),
       (839, 'Tứ Hiệp', 'Xã', 2, 51),
       (840, 'Văn Điển', 'Thị trấn', 2, 51),
       (841, 'Vạn Phúc', 'Xã', 2, 51),
       (842, 'Vĩnh Quỳnh', 'Xã', 2, 51),
       (843, 'Yên Mỹ', 'Xã', 2, 51),
       (844, 'Hạ Đình', 'Phường', 2, 52),
       (845, 'Khương Đình', 'Phường', 2, 52),
       (846, 'Khương Mai', 'Phường', 2, 52),
       (847, 'Khương Trung', 'Phường', 2, 52),
       (848, 'Kim Giang', 'Phường', 2, 52),
       (849, 'Nhân Chính', 'Phường', 2, 52),
       (850, 'Phương Liệt', 'Phường', 2, 52),
       (851, 'Thanh Xuân Bắc', 'Phường', 2, 52),
       (852, 'Thanh Xuân Nam', 'Phường', 2, 52),
       (853, 'Thanh Xuân Trung', 'Phường', 2, 52),
       (854, 'Thượng Đình', 'Phường', 2, 52),
       (855, 'Chương Dương', 'Xã', 2, 53),
       (856, 'Dũng Tiến', 'Xã', 2, 53),
       (857, 'Duyên Thái', 'Xã', 2, 53),
       (858, 'Hà Hồi', 'Xã', 2, 53),
       (859, 'Hiền Giang', 'Xã', 2, 53),
       (860, 'Hòa Bình', 'Xã', 2, 53),
       (861, 'Hồng Vân', 'Xã', 2, 53),
       (862, 'Khánh Hà', 'Xã', 2, 53),
       (863, 'Lê Lợi', 'Xã', 2, 53),
       (864, 'Liên Phương', 'Xã', 2, 53),
       (865, 'Minh Cường', 'Xã', 2, 53),
       (866, 'Nghiêm Xuyên', 'Xã', 2, 53),
       (867, 'Nguyễn Trãi', 'Xã', 2, 53),
       (868, 'Nhị Khê', 'Xã', 2, 53),
       (869, 'Ninh Sở', 'Xã', 2, 53),
       (870, 'Quất Động', 'Xã', 2, 53),
       (871, 'Tân Minh', 'Xã', 2, 53),
       (872, 'Thắng Lợi', 'Xã', 2, 53),
       (873, 'Thống Nhất', 'Xã', 2, 53),
       (874, 'Thư Phú', 'Xã', 2, 53),
       (875, 'Thường Tín', 'Thị trấn', 2, 53),
       (876, 'Tiền Phong', 'Xã', 2, 53),
       (877, 'Tô Hiệu', 'Xã', 2, 53),
       (878, 'Tự Nhiên', 'Xã', 2, 53),
       (879, 'Văn Bình', 'Xã', 2, 53),
       (880, 'Vạn Điểm', 'Xã', 2, 53),
       (881, 'Văn Phú', 'Xã', 2, 53),
       (882, 'Vân Tảo', 'Xã', 2, 53),
       (883, 'Văn Tự', 'Xã', 2, 53),
       (884, 'Cao Thành', 'Xã', 2, 54),
       (885, 'Đại Cường', 'Xã', 2, 54),
       (886, 'Đại Hùng', 'Xã', 2, 54),
       (887, 'Đội Bình', 'Xã', 2, 54),
       (888, 'Đông Lỗ', 'Xã', 2, 54),
       (889, 'Đồng Tân', 'Xã', 2, 54),
       (890, 'Đồng Tiến', 'Xã', 2, 54),
       (891, 'Hòa Lâm', 'Xã', 2, 54),
       (892, 'Hòa Nam', 'Xã', 2, 54),
       (894, 'Hoa Sơn', 'Xã', 2, 54),
       (895, 'Hòa Xá', 'Xã', 2, 54),
       (896, 'Hồng Quang', 'Xã', 2, 54),
       (897, 'Kim Đường', 'Xã', 2, 54),
       (898, 'Liên Bạt', 'Xã', 2, 54),
       (899, 'Lưu Hoàng', 'Xã', 2, 54),
       (900, 'Minh Đức', 'Xã', 2, 54),
       (901, 'Phù Lưu', 'Xã', 2, 54),
       (902, 'Phương Tú', 'Xã', 2, 54),
       (903, 'Quảng Phú Cầu', 'Xã', 2, 54),
       (904, 'Sơn Công', 'Xã', 2, 54),
       (905, 'Tân Phương', 'Xã', 2, 54),
       (906, 'Tảo Dương Văn', 'Xã', 2, 54),
       (907, 'Trầm Lộng', 'Xã', 2, 54),
       (908, 'Trung Tú', 'Xã', 2, 54),
       (909, 'Trường Thịnh', 'Xã', 2, 54),
       (910, 'Vân Đình', 'Thị trấn', 2, 54),
       (911, 'Vạn Thái', 'Xã', 2, 54),
       (912, 'Viên An', 'Xã', 2, 54),
       (913, 'Viên Nội', 'Xã', 2, 54),
       (914, 'Hòa An', 'Phường', 3, 55),
       (915, 'Hòa Phát', 'Phường', 3, 55),
       (916, 'Hòa Thọ Đông', 'Phường', 3, 55),
       (917, 'Hòa Thọ Tây', 'Phường', 3, 55),
       (918, 'Hòa Xuân', 'Phường', 3, 55),
       (919, 'Khuê Trung', 'Phường', 3, 55),
       (920, ' Hải Châu I', 'Phường', 3, 56),
       (921, ' Hòa Thuận Đông', 'Phường', 3, 56),
       (922, 'Bình Hiên', 'Phường', 3, 56),
       (923, 'Bình Thuận', 'Phường', 3, 56),
       (924, 'Hải Châu II', 'Phường', 3, 56),
       (925, 'Hòa Cường Bắc', 'Phường', 3, 56),
       (926, 'Hòa Cường Nam', 'Phường', 3, 56),
       (927, 'Hòa Thuận Tây', 'Phường', 3, 56),
       (928, 'Nam Dương', 'Phường', 3, 56),
       (929, 'Phước Ninh', 'Phường', 3, 56),
       (930, 'Thạch Thang', 'Phường', 3, 56),
       (931, 'Thanh Bình', 'Phường', 3, 56),
       (932, 'Thuận Phước', 'Phường', 3, 56),
       (933, 'Hòa Bắc', 'Phường', 3, 57),
       (934, 'Hòa Châu', 'Phường', 3, 57),
       (935, 'Hòa Khương', 'Phường', 3, 57),
       (936, 'Hòa Liên', 'Phường', 3, 57),
       (937, 'Hòa Nhơn', 'Phường', 3, 57),
       (938, 'Hòa Ninh', 'Xã', 3, 57),
       (939, 'Hòa Phong', 'Xã', 3, 57),
       (940, 'Hòa Phú', 'Xã', 3, 57),
       (941, 'Hòa Phước', 'Xã', 3, 57),
       (942, 'Hòa Sơn', 'Xã', 3, 57),
       (943, 'Hòa Tiến', 'Xã', 3, 57),
       (944, 'Hòa Hiệp Bắc', 'Phường', 3, 59),
       (945, 'Hòa Hiệp Nam', 'Phường', 3, 59),
       (946, 'Hòa Khánh Bắc', 'Phường', 3, 59),
       (947, 'Hòa Khánh Nam', 'Phường', 3, 59),
       (948, 'Hòa Minh', 'Phường', 3, 59),
       (949, ' Khuê Mỹ', 'Phường', 3, 60),
       (950, 'Hòa Hải', 'Phường', 3, 60),
       (951, 'Hòa Quý', 'Phường', 3, 60),
       (952, 'Mỹ An', 'Phường', 3, 60),
       (953, ' An Hải Bắc', 'Phường', 3, 61),
       (954, 'An Hải Đông', 'Phường', 3, 61),
       (955, 'An Hải Tây', 'Phường', 3, 61),
       (956, 'Mân Thái', 'Phường', 3, 61),
       (957, 'Nại Hiên Đông ', 'Phường', 3, 61),
       (958, 'Phước Mỹ', 'Phường', 3, 61),
       (959, 'Thọ Quang', 'Phường', 3, 61),
       (960, 'An Khê', 'Phường', 3, 62),
       (961, 'Chính Gián', 'Phường', 3, 62),
       (962, 'Hòa Khê', 'Phường', 3, 62),
       (963, 'Tam Thuận', 'Phường', 3, 62),
       (964, 'Tân Chính', 'Phường', 3, 62),
       (965, 'Thạc Gián', 'Phường', 3, 62),
       (966, 'Thanh Khê Đông', 'Phường', 3, 62),
       (967, 'Thanh Khê Tây', 'Phường', 3, 62),
       (968, 'Thanh Lộc Đán', 'Phường', 3, 62),
       (969, 'Vĩnh Trung', 'Phường', 3, 62),
       (970, 'Xuân Hà', 'Phường', 3, 62);